others,total_input_tokens,total_token_throughput,backend,base_url,endpoint_type,max_concurrent_requests,std_itl_ms,timestamp,tokenizer_id,completed,num_prompts,request_rate,date,p99_itl_ms,burstiness,failed,median_itl_ms,mean_itl_ms,p99_tpot_ms,request_throughput,std_tpot_ms,task_id,total_output_tokens,median_tpot_ms,mean_ttft_ms,std_ttft_ms,max_concurrency,duration,request_goodput,label,mean_tpot_ms,p99_ttft_ms,output_throughput,max_output_tokens_per_s,median_ttft_ms,model_id
doks-1.34.1-rocm-7.0.2-mi350x8-vllm-dev-dsfp4_1120,1023,168.8302471781816,openai,http://mi350-vllm-dev.default.svc.cluster.local:80,openai,1,0.21220068600287867,2026-02-17 02:00:40.035000,amd/DeepSeek-R1-MXFP4,1,1,10000.0,2026-02-16,12.528342992300168,1.0,0,11.807906994363293,11.824201151511504,11.824198801555005,0.0824769160616422,0.0,deepseek_r1_mxfp4_vllm_20260216,1024,11.824198801555005,26.2748230015859,0.0,,12.124604650016408,,,11.824198801555005,26.2748230015859,84.45636204712162,85.0,26.2748230015859,amd/DeepSeek-R1-MXFP4
doks-1.34.1-rocm-7.0.2-mi350x8-vllm-dev-dsfp4_1120,2046,329.8892147776715,openai,http://mi350-vllm-dev.default.svc.cluster.local:80,openai,2,0.2130343992787014,2026-02-17 02:01:15.961000,amd/DeepSeek-R1-MXFP4,2,2,10000.0,2026-02-16,12.640157609712332,1.0,0,12.06605949846562,12.080849095317443,12.080909750216758,0.16115740829392844,6.39061510879918e-05,deepseek_r1_mxfp4_vllm_20260216,2048,12.080847122188692,37.645934004103765,11.390778003260493,,12.4102268780116,,,12.080847122188692,48.80889644729905,165.02518609298272,166.0,37.645934004103765,amd/DeepSeek-R1-MXFP4
doks-1.34.1-rocm-7.0.2-mi350x8-vllm-dev-dsfp4_1120,3069,482.1827824255422,openai,http://mi350-vllm-dev.default.svc.cluster.local:80,openai,3,0.21538894820157584,2026-02-17 02:01:51.781000,amd/DeepSeek-R1-MXFP4,3,3,10000.0,2026-02-16,12.994207232259214,1.0,0,12.39101801184006,12.398164147603225,12.398582883096115,0.23555582922596102,0.0005622405243319952,deepseek_r1_mxfp4_vllm_20260216,3072,12.39853692080558,41.69675833933676,10.498094430461984,,12.735834260005504,,,12.39816303746611,49.94135765591636,241.2091691273841,243.0,48.22947600041516,amd/DeepSeek-R1-MXFP4
doks-1.34.1-rocm-7.0.2-mi350x8-vllm-dev-dsfp4_1120,4092,644.1255819727796,openai,http://mi350-vllm-dev.default.svc.cluster.local:80,openai,4,0.2936633463815716,2026-02-17 02:02:29.425000,amd/DeepSeek-R1-MXFP4,4,4,10000.0,2026-02-16,13.092169804149309,1.0,0,12.362651003059,12.373405249259001,12.374545331334662,0.3146680908513823,0.0013561148660870637,deepseek_r1_mxfp4_vllm_20260216,4096,12.373978352876978,44.43478200118989,9.028997019746708,,12.711806873005116,,,12.373404260013261,50.51839867752278,322.2201250318155,324.0,49.17872649093624,amd/DeepSeek-R1-MXFP4
doks-1.34.1-rocm-7.0.2-mi350x8-vllm-dev-dsfp4_1120,5115,780.0598992642513,openai,http://mi350-vllm-dev.default.svc.cluster.local:80,openai,5,0.2638900448852329,2026-02-17 02:03:06.055000,amd/DeepSeek-R1-MXFP4,5,5,10000.0,2026-02-16,13.517687774728984,1.0,0,12.76603399310261,12.77334576891758,12.77450140906231,0.3810746943157065,0.001893974621339477,deepseek_r1_mxfp4_vllm_20260216,5120,12.774179903241848,45.038084202678874,8.164290362956852,,13.120787274994655,,,12.773345192764154,50.1319913752377,390.22048697928346,395.0,49.09381998004392,amd/DeepSeek-R1-MXFP4
doks-1.34.1-rocm-7.0.2-mi350x8-vllm-dev-dsfp4_1120,6138,928.763757068992,openai,http://mi350-vllm-dev.default.svc.cluster.local:80,openai,6,0.29401287794105885,2026-02-17 02:03:42.973000,amd/DeepSeek-R1-MXFP4,6,6,10000.0,2026-02-16,13.731482774892356,1.0,0,12.863413488958031,12.871954374060433,12.873733234898182,0.4537194709667768,0.002479140705440943,deepseek_r1_mxfp4_vllm_20260216,6144,12.872917691109345,48.236140835797414,6.834502605062833,,13.224030229990603,,,12.8719532789162,51.8806860622135,464.6087382699794,468.0,51.213109501986764,amd/DeepSeek-R1-MXFP4
doks-1.34.1-rocm-7.0.2-mi350x8-vllm-dev-dsfp4_1120,7161,1078.832101443203,openai,http://mi350-vllm-dev.default.svc.cluster.local:80,openai,7,0.32293892744739755,2026-02-17 02:04:19.554000,amd/DeepSeek-R1-MXFP4,7,7,10000.0,2026-02-16,13.711211795452982,1.0,0,12.916732986923307,12.92789469962818,12.92989235743812,0.52703082630347,0.003983721061887851,deepseek_r1_mxfp4_vllm_20260216,7168,12.929585044968006,48.92485513950565,5.022507522805157,,13.28195553398109,,,12.927894155425971,52.70918200840242,539.6795661347533,546.0,50.129991985158995,amd/DeepSeek-R1-MXFP4
doks-1.34.1-rocm-7.0.2-mi350x8-vllm-dev-dsfp4_1120,8184,1234.597989475034,openai,http://mi350-vllm-dev.default.svc.cluster.local:80,openai,8,0.3418637948619204,2026-02-17 02:04:56.216000,amd/DeepSeek-R1-MXFP4,8,8,10000.0,2026-02-16,13.800696494581643,1.0,0,12.892968996311538,12.903489386359713,12.904193070559545,0.603125544443104,0.0011903485536999786,deepseek_r1_mxfp4_vllm_20260216,8192,12.903842520542177,51.07335762659204,10.514061592459667,,13.264236730989069,,,12.903488716765352,59.50672893959563,617.6005575097385,624.0,56.69524151016958,amd/DeepSeek-R1-MXFP4
doks-1.34.1-rocm-7.0.2-mi350x8-vllm-dev-dsfp4_1120,9207,1291.0794622429862,openai,http://mi350-vllm-dev.default.svc.cluster.local:80,openai,9,0.3602502587502887,2026-02-17 02:05:34.630000,amd/DeepSeek-R1-MXFP4,9,9,10000.0,2026-02-16,14.72791424021125,1.0,0,13.876902987249196,13.880589024215473,13.881792088204454,0.6307178613790846,0.0014425281019495087,deepseek_r1_mxfp4_vllm_20260216,9216,13.881110377321365,60.129197113888544,11.246217929103539,,14.269454777007923,,,13.880588519922936,65.61046428163536,645.8550900521826,657.0,64.05780097702518,amd/DeepSeek-R1-MXFP4
doks-1.34.1-rocm-7.0.2-mi350x8-vllm-dev-dsfp4_1120,10230,1431.390941372552,openai,http://mi350-vllm-dev.default.svc.cluster.local:80,openai,10,0.4372410769057054,2026-02-17 02:06:12.521000,amd/DeepSeek-R1-MXFP4,10,10,10000.0,2026-02-16,15.003990643599534,1.0,0,13.888896486605518,13.908702122972267,13.909992810778508,0.6992627950036894,0.0014047160639716364,deepseek_r1_mxfp4_vllm_20260216,10240,13.909012372908775,62.62527680082712,10.903428810733963,,14.30077514698496,,,13.908701650633885,69.36195478250738,716.0451020837779,730.0,65.99127050139941,amd/DeepSeek-R1-MXFP4
doks-1.34.1-rocm-7.0.2-mi350x8-vllm-dev-dsfp4_1120,11253,1558.9257838449455,openai,http://mi350-vllm-dev.default.svc.cluster.local:80,openai,11,0.3503299017492655,2026-02-17 02:06:50.919000,amd/DeepSeek-R1-MXFP4,11,11,10000.0,2026-02-16,14.999282720964402,1.0,0,14.020839997101575,14.035763491868334,14.038021088748959,0.7615660888348538,0.0018478527717072913,deepseek_r1_mxfp4_vllm_20260216,11264,14.035521503436613,67.06458345235494,11.727620476669566,,14.443920444027754,,,14.035762766020921,78.51726529188454,779.8436749668903,792.0,68.02163299289532,amd/DeepSeek-R1-MXFP4
doks-1.34.1-rocm-7.0.2-mi350x8-vllm-dev-dsfp4_1120,12276,1692.1596343506458,openai,http://mi350-vllm-dev.default.svc.cluster.local:80,openai,12,0.4246211643155989,2026-02-17 02:07:29.313000,amd/DeepSeek-R1-MXFP4,12,12,10000.0,2026-02-16,15.259247258654796,1.0,0,14.090444004978053,14.105790666333055,14.10727517602264,0.8266534608454547,0.00203800528211487,deepseek_r1_mxfp4_vllm_20260216,12288,14.106615015128282,67.364432499744,12.156605223079662,,14.516360927984351,,,14.105790286726739,78.39341304439586,846.4931439057456,852.0,67.9832504974911,amd/DeepSeek-R1-MXFP4
doks-1.34.1-rocm-7.0.2-mi350x8-vllm-dev-dsfp4_1120,13299,1834.5812466225116,openai,http://mi350-vllm-dev.default.svc.cluster.local:80,openai,13,0.44964556349823315,2026-02-17 02:08:07.212000,amd/DeepSeek-R1-MXFP4,13,13,10000.0,2026-02-16,15.131385378772393,1.0,0,14.097829989623278,14.096008174896292,14.100548458997551,0.8962292362591654,0.001995801222722758,deepseek_r1_mxfp4_vllm_20260216,13312,14.095449811341522,74.15960361518395,13.379589983658876,,14.505217497993726,,,14.09600762056888,81.80618044221774,917.7387379293854,923.0,79.26031301030889,amd/DeepSeek-R1-MXFP4
doks-1.34.1-rocm-7.0.2-mi350x8-vllm-dev-dsfp4_1120,14322,1950.023057609868,openai,http://mi350-vllm-dev.default.svc.cluster.local:80,openai,14,0.46229941049513806,2026-02-17 02:08:45.560000,amd/DeepSeek-R1-MXFP4,14,14,10000.0,2026-02-16,15.300209006527439,1.0,0,14.28304600995034,14.280838728319885,14.285378394026981,0.952624844948641,0.001523681154162227,deepseek_r1_mxfp4_vllm_20260216,14336,14.280392086985252,75.90830843712736,12.503802751455071,,14.696236482006498,,,14.280838371449457,85.44431454560252,975.4878412274084,980.0,79.50291252927855,amd/DeepSeek-R1-MXFP4
doks-1.34.1-rocm-7.0.2-mi350x8-vllm-dev-dsfp4_1120,15345,2080.7970978644385,openai,http://mi350-vllm-dev.default.svc.cluster.local:80,openai,15,0.4362746135440301,2026-02-17 02:09:23.881000,amd/DeepSeek-R1-MXFP4,15,15,10000.0,2026-02-16,15.476874914020298,1.0,0,14.325308962725103,14.33652379205156,14.338149523877112,1.016510550984093,0.0017353073921079689,deepseek_r1_mxfp4_vllm_20260216,15360,14.33673252104413,72.1234442666173,10.382059148502366,,14.75636429496808,,,14.336520247567266,82.24809392238967,1040.9068042077113,1050.0,72.02903798315674,amd/DeepSeek-R1-MXFP4
doks-1.34.1-rocm-7.0.2-mi350x8-vllm-dev-dsfp4_1120,16368,2236.781955827071,openai,http://mi350-vllm-dev.default.svc.cluster.local:80,openai,16,0.5145820811424258,2026-02-17 02:10:02.073000,amd/DeepSeek-R1-MXFP4,16,16,10000.0,2026-02-16,15.466333996737376,1.0,0,14.189503010129556,14.213820567207561,14.220992693309862,1.092712240267255,0.002417165153880716,deepseek_r1_mxfp4_vllm_20260216,16384,14.21342010215268,82.6592206285568,12.630124035794076,,14.642464329022914,,,14.213819978623132,92.51740421459543,1118.9373340336692,1136.0,85.290103481384,amd/DeepSeek-R1-MXFP4
doks-1.34.1-rocm-7.0.2-mi350x8-vllm-dev-dsfp4_1120,17391,2190.583600016609,openai,http://mi350-vllm-dev.default.svc.cluster.local:80,openai,17,0.5683597258011917,2026-02-17 02:10:41.533000,amd/DeepSeek-R1-MXFP4,17,17,10000.0,2026-02-16,16.633647296112027,1.0,0,15.438028960488737,15.428245653903652,15.430746837833192,1.070143429417005,0.001543701378370739,deepseek_r1_mxfp4_vllm_20260216,17408,15.428159924752952,83.02891747478176,15.236391023984904,,15.885721047001425,,,15.428245044395036,97.7005497040227,1095.826871723013,1105.0,89.39819497754797,amd/DeepSeek-R1-MXFP4
doks-1.34.1-rocm-7.0.2-mi350x8-vllm-dev-dsfp4_1120,18414,2308.52600517035,openai,http://mi350-vllm-dev.default.svc.cluster.local:80,openai,18,0.522251031263273,2026-02-17 02:11:21.314000,amd/DeepSeek-R1-MXFP4,18,18,10000.0,2026-02-16,16.64832801558077,1.0,0,15.479966008570045,15.491063416426776,15.498644053227157,1.127760627831143,0.003445053522544264,deepseek_r1_mxfp4_vllm_20260216,18432,15.489984205761242,92.1254773307333,23.645926895798528,,15.960833846998867,,,15.491063055235186,111.0606516333064,1154.8268828990904,1170.0,102.12482302449644,amd/DeepSeek-R1-MXFP4
doks-1.34.1-rocm-7.0.2-mi350x8-vllm-dev-dsfp4_1120,19437,2418.769540179334,openai,http://mi350-vllm-dev.default.svc.cluster.local:80,openai,19,0.5310222190569446,2026-02-17 02:12:01.722000,amd/DeepSeek-R1-MXFP4,19,19,10000.0,2026-02-16,16.801481330767274,1.0,0,15.596830984577537,15.608341362861564,15.610852285113253,1.1816167758570268,0.0015406155015755406,deepseek_r1_mxfp4_vllm_20260216,19456,15.607972476992824,85.49519247792072,14.637244178732217,,16.07966338004917,,,15.608340965832433,100.2567019930575,1209.9755784775955,1235.0,84.56241700332612,amd/DeepSeek-R1-MXFP4
doks-1.34.1-rocm-7.0.2-mi350x8-vllm-dev-dsfp4_1120,20460,2544.948532555248,openai,http://mi350-vllm-dev.default.svc.cluster.local:80,openai,20,0.5775324450582552,2026-02-17 02:12:41.522000,amd/DeepSeek-R1-MXFP4,20,20,10000.0,2026-02-16,16.706918324925937,1.0,0,15.597461489960551,15.606311134606434,15.611275215685561,1.2432577100904976,0.0014937030236453204,deepseek_r1_mxfp4_vllm_20260216,20480,15.60605686756633,107.93377165100537,18.690325951317597,,16.086769330024254,,,15.606310890768682,120.00500402762555,1273.0958951326695,1292.0,112.90094151627272,amd/DeepSeek-R1-MXFP4
doks-1.34.1-rocm-7.0.2-mi350x8-vllm-dev-dsfp4_1120,21483,2656.6575719776374,openai,http://mi350-vllm-dev.default.svc.cluster.local:80,openai,21,0.5914826146074708,2026-02-17 02:13:22.157000,amd/DeepSeek-R1-MXFP4,21,21,10000.0,2026-02-16,16.959521156968552,1.0,0,15.693577995989472,15.696317327612487,15.698690223848976,1.2978297860174097,0.0021085262517423586,deepseek_r1_mxfp4_vllm_20260216,21504,15.696603346050226,94.16439857921519,14.934002173358714,,16.18085840396816,,,15.696316991529152,110.06918681086972,1328.9777008818276,1344.0,94.64348998153582,amd/DeepSeek-R1-MXFP4
doks-1.34.1-rocm-7.0.2-mi350x8-vllm-dev-dsfp4_1120,22506,2754.261014348318,openai,http://mi350-vllm-dev.default.svc.cluster.local:80,openai,22,0.6165917721370243,2026-02-17 02:14:02.153000,amd/DeepSeek-R1-MXFP4,22,22,10000.0,2026-02-16,17.282767590950247,1.0,0,15.870078495936468,15.862666038434906,15.866936029555557,1.345510998704601,0.004024397070912547,deepseek_r1_mxfp4_vllm_20260216,22528,15.864077671074819,94.39574935558167,14.796408836920028,,16.35066530201584,,,15.8626655682967,109.36589121178258,1377.8032626735114,1408.0,95.75925598619506,amd/DeepSeek-R1-MXFP4
doks-1.34.1-rocm-7.0.2-mi350x8-vllm-dev-dsfp4_1120,23529,2837.1579563377377,openai,http://mi350-vllm-dev.default.svc.cluster.local:80,openai,23,0.6514072318534281,2026-02-17 02:14:42.908000,amd/DeepSeek-R1-MXFP4,23,23,10000.0,2026-02-16,17.62965443311259,1.0,0,16.101831977721304,16.101757015983775,16.115576977516547,1.3860077949866818,0.0063312056029133906,deepseek_r1_mxfp4_vllm_20260216,23552,16.099368548373494,100.8409008601397,27.12429099340255,,16.59442326601129,,,16.10175660555656,124.38786846585573,1419.2719820663622,1449.0,111.95924697676674,amd/DeepSeek-R1-MXFP4
doks-1.34.1-rocm-7.0.2-mi350x8-vllm-dev-dsfp4_1120,24552,2756.2543169704336,openai,http://mi350-vllm-dev.default.svc.cluster.local:80,openai,24,27.43666298223896,2026-02-17 02:15:24.525000,amd/DeepSeek-R1-MXFP4,24,24,10000.0,2026-02-16,17.065792284556665,1.0,0,15.81924653146416,16.31088035035494,17.3046395756561,1.346484766473099,0.7010489623716369,deepseek_r1_mxfp4_vllm_20260216,24576,15.816257915928194,1108.419262743458,736.6409747669303,,17.824189769977238,,,16.310880057431856,1637.499009699095,1378.8004008684534,1536.0,1622.7413344895467,amd/DeepSeek-R1-MXFP4
doks-1.34.1-rocm-7.0.2-mi350x8-vllm-dev-dsfp4_1120,25575,3017.3044112523758,openai,http://mi350-vllm-dev.default.svc.cluster.local:80,openai,25,20.92995336310623,2026-02-17 02:16:05.881000,amd/DeepSeek-R1-MXFP4,25,25,10000.0,2026-02-16,16.51609108550474,1.0,0,15.109106956515461,15.441218498417832,16.459521739793722,1.4740129024193336,0.5708517853067799,deepseek_r1_mxfp4_vllm_20260216,25600,15.120980711603758,1139.4410134479403,605.1488708543682,,16.9605028280057,,,15.441218072219405,1489.6065030619502,1509.3892120773976,1675.0,1474.2046300088987,amd/DeepSeek-R1-MXFP4
doks-1.34.1-rocm-7.0.2-mi350x8-vllm-dev-dsfp4_1120,26598,3260.1039995528727,openai,http://mi350-vllm-dev.default.svc.cluster.local:80,openai,26,7.372300778162859,2026-02-17 02:16:46.681000,amd/DeepSeek-R1-MXFP4,26,26,10000.0,2026-02-16,16.792044432368126,1.0,0,15.382869489258155,15.504962286330624,15.82519926979932,1.592625305106435,0.19313671756032133,deepseek_r1_mxfp4_vllm_20260216,26624,15.388074142706806,435.5697386580197,221.17621876266455,,16.32524606800871,,,15.504962012963832,579.2462812241865,1630.8483124289894,1690.0,565.9210965386592,amd/DeepSeek-R1-MXFP4
doks-1.34.1-rocm-7.0.2-mi350x8-vllm-dev-dsfp4_1120,27621,3439.725724557825,openai,http://mi350-vllm-dev.default.svc.cluster.local:80,openai,27,3.2558559105575093,2026-02-17 02:17:26.941000,amd/DeepSeek-R1-MXFP4,27,27,10000.0,2026-02-16,16.962234443053603,1.0,0,15.436062007211149,15.483819710439214,15.573824688319739,1.680374071596397,0.07358631010650782,deepseek_r1_mxfp4_vllm_20260216,27648,15.42391800197599,194.54678773871382,94.60407863941145,,16.067850877007004,,,15.483819427689195,281.1826411820948,1720.7030493147106,1755.0,269.31336196139455,amd/DeepSeek-R1-MXFP4
doks-1.34.1-rocm-7.0.2-mi350x8-vllm-dev-dsfp4_1120,28644,3554.356848084658,openai,http://mi350-vllm-dev.default.svc.cluster.local:80,openai,28,3.4053875238599334,2026-02-17 02:18:06.674000,amd/DeepSeek-R1-MXFP4,28,28,10000.0,2026-02-16,17.117779604741372,1.0,0,15.476410510018468,15.552720381372923,15.635390204791356,1.736373643421914,0.06966849325925259,deepseek_r1_mxfp4_vllm_20260216,28672,15.489356209680334,188.4684716018715,84.64218534887547,,16.125561514985748,,,15.552720100300068,269.1955937218154,1778.0466108640398,1820.0,264.0345669933595,amd/DeepSeek-R1-MXFP4
doks-1.34.1-rocm-7.0.2-mi350x8-vllm-dev-dsfp4_1120,29667,3475.4847512582805,openai,http://mi350-vllm-dev.default.svc.cluster.local:80,openai,29,3.457731702645096,2026-02-17 02:18:47.782000,amd/DeepSeek-R1-MXFP4,29,29,10000.0,2026-02-16,17.934206903446466,1.0,0,16.406901995651424,16.47885420649495,16.555984372635876,1.6978430636337472,0.07239972242405668,deepseek_r1_mxfp4_vllm_20260216,29696,16.412076817218665,191.1899919625661,86.33644014315438,,17.08049502404174,,,16.47885373739029,280.3755471506156,1738.591297160957,1798.0,268.05714203510433,amd/DeepSeek-R1-MXFP4
doks-1.34.1-rocm-7.0.2-mi350x8-vllm-dev-dsfp4_1120,30690,3704.939621395832,openai,http://mi350-vllm-dev.default.svc.cluster.local:80,openai,30,9.198080182592568,2026-02-17 02:19:28.492000,amd/DeepSeek-R1-MXFP4,30,30,10000.0,2026-02-16,17.42695476335939,1.0,0,15.650091489078477,15.81280097917603,16.06287758609015,1.8099363074723167,0.2171242695088946,deepseek_r1_mxfp4_vllm_20260216,30720,15.625354310373375,363.78208330327953,241.99208384769298,,16.57516890298575,,,15.81280064734115,579.0743377956096,1853.3747788516523,1950.0,572.6051134988666,amd/DeepSeek-R1-MXFP4
doks-1.34.1-rocm-7.0.2-mi350x8-vllm-dev-dsfp4_1120,31713,3729.1130997585196,openai,http://mi350-vllm-dev.default.svc.cluster.local:80,openai,31,3.3823059697529767,2026-02-17 02:20:09.421000,amd/DeepSeek-R1-MXFP4,31,31,10000.0,2026-02-16,17.89507769048214,1.0,0,16.291606007143855,16.378471980038007,16.47591961699994,1.8217455299259988,0.0797386122002365,deepseek_r1_mxfp4_vllm_20260216,31744,16.313443612899057,222.55229693086397,101.5043900751887,,17.016646667034365,,,16.378471631539075,314.1323288786225,1865.4674226442228,1922.0,305.5176290217787,amd/DeepSeek-R1-MXFP4
doks-1.34.1-rocm-7.0.2-mi350x8-vllm-dev-dsfp4_1120,32736,3915.978403422529,openai,http://mi350-vllm-dev.default.svc.cluster.local:80,openai,32,0.7642353185095712,2026-02-17 02:20:49.647000,amd/DeepSeek-R1-MXFP4,32,32,10000.0,2026-02-16,17.98095377744176,1.0,0,16.187406989047304,16.208416156647647,16.2109560118888,1.9130329279054856,0.0015851083279667356,deepseek_r1_mxfp4_vllm_20260216,32768,16.208442395880958,118.10577784490306,18.694314436297788,,16.72736497799633,,,16.208415810171946,134.01826607820115,1958.9457181752173,1984.0,127.38919048570096,amd/DeepSeek-R1-MXFP4
doks-1.34.1-rocm-7.0.2-mi350x8-vllm-dev-dsfp4_1120,33759,2304.8128177639487,openai,http://mi350-vllm-dev.default.svc.cluster.local:80,openai,33,14.19856728011087,2026-02-17 02:21:42.843000,amd/DeepSeek-R1-MXFP4,33,33,10000.0,2026-02-16,17.69880941021256,1.0,0,16.10104099381715,16.32122831897193,16.72184990471564,1.1259466623175127,0.8373504049555589,deepseek_r1_mxfp4_vllm_20260216,33792,16.71563190908079,889.5822828459187,2889.672668339818,,29.308670742961112,,,16.32122785180368,11893.213072009381,1152.969382213133,2016.0,121.9492870150134,amd/DeepSeek-R1-MXFP4
doks-1.34.1-rocm-7.0.2-mi350x8-vllm-dev-dsfp4_1120,34782,2341.4954731568378,openai,http://mi350-vllm-dev.default.svc.cluster.local:80,openai,34,6.494098594764887,2026-02-17 02:22:36.879000,amd/DeepSeek-R1-MXFP4,34,34,10000.0,2026-02-16,18.410914287669588,1.0,0,16.4950969920028,16.491374615345688,16.910967232869645,1.1438668652451578,1.110908654232729,deepseek_r1_mxfp4_vllm_20260216,34816,16.7445749354973,1268.0308590865668,4022.722650641873,,29.72373886598507,,,16.491374095715713,17363.035100047127,1171.3196700110416,1952.0,307.8393065079581,amd/DeepSeek-R1-MXFP4
doks-1.34.1-rocm-7.0.2-mi350x8-vllm-dev-dsfp4_1120,35805,2396.595440744226,openai,http://mi350-vllm-dev.default.svc.cluster.local:80,openai,35,13.255229398012343,2026-02-17 02:23:31.026000,amd/DeepSeek-R1-MXFP4,35,35,10000.0,2026-02-16,17.64145110035315,1.0,0,16.00516098551452,16.092232380943074,16.625568321194795,1.170784289567282,1.1154505885086996,deepseek_r1_mxfp4_vllm_20260216,35840,16.623000466237016,1638.8148216846664,4716.071187226875,,29.894490652019158,,,16.092232002623355,17252.970847679535,1198.8831125168967,2016.0,246.56473699724302,amd/DeepSeek-R1-MXFP4
doks-1.34.1-rocm-7.0.2-mi350x8-vllm-dev-dsfp4_1120,36828,2458.9247276836177,openai,http://mi350-vllm-dev.default.svc.cluster.local:80,openai,36,5.531858638794313,2026-02-17 02:24:25.031000,amd/DeepSeek-R1-MXFP4,36,36,10000.0,2026-02-16,18.478090364951647,1.0,0,16.44571850192733,16.230676778754532,16.741604018501345,1.2012333794253138,1.3437957476047515,deepseek_r1_mxfp4_vllm_20260216,36864,16.738773114377956,2072.910860940788,5353.859197136941,,29.969197174010333,,,16.230676529056502,17341.385111707496,1230.0629805315214,1952.0,236.74153647152707,amd/DeepSeek-R1-MXFP4
doks-1.34.1-rocm-7.0.2-mi350x8-vllm-dev-dsfp4_1120,37851,2536.3889545300885,openai,http://mi350-vllm-dev.default.svc.cluster.local:80,openai,37,5.560483957538326,2026-02-17 02:25:18.933000,amd/DeepSeek-R1-MXFP4,37,37,10000.0,2026-02-16,17.836086510214955,1.0,0,15.914804011117667,15.743350309073698,16.249771621041834,1.2390761868735167,1.1821164977481917,deepseek_r1_mxfp4_vllm_20260216,37888,16.24595148190501,2425.5470505921876,5674.303703906946,,29.86095640604617,,,15.743349908926206,16838.998128289822,1268.8140153584811,2016.0,239.2523160087876,amd/DeepSeek-R1-MXFP4
doks-1.34.1-rocm-7.0.2-mi350x8-vllm-dev-dsfp4_1120,38874,2569.5435256392984,openai,http://mi350-vllm-dev.default.svc.cluster.local:80,openai,38,5.6504288161047,2026-02-17 02:26:13.876000,amd/DeepSeek-R1-MXFP4,38,38,10000.0,2026-02-16,18.05133335234131,1.0,0,16.257397510344163,15.968014988755723,16.57425238749623,1.2552728508252557,1.3549161047689238,deepseek_r1_mxfp4_vllm_20260216,38912,16.57176718671368,2883.219317419724,6160.507799736147,,30.272302930010483,,,15.968014680503975,17151.589854012127,1285.3993992450619,1976.0,256.82127350592054,amd/DeepSeek-R1-MXFP4
doks-1.34.1-rocm-7.0.2-mi350x8-vllm-dev-dsfp4_1120,39897,2649.493400205607,openai,http://mi350-vllm-dev.default.svc.cluster.local:80,openai,39,3.5253294949458707,2026-02-17 02:27:07.874000,amd/DeepSeek-R1-MXFP4,39,39,10000.0,2026-02-16,17.648013608995825,1.0,0,15.934198978357017,15.547942085720784,16.197211874545598,1.2943299463632667,1.1762459632919888,deepseek_r1_mxfp4_vllm_20260216,39936,16.07929164322297,3184.314608308248,6339.521053320033,,30.13142059301026,,,15.54794109313989,16980.28935575974,1325.393865075985,2016.0,248.4491530340165,amd/DeepSeek-R1-MXFP4
doks-1.34.1-rocm-7.0.2-mi350x8-vllm-dev-dsfp4_1120,40920,2709.5295850802363,openai,http://mi350-vllm-dev.default.svc.cluster.local:80,openai,40,9.544009244409295,2026-02-17 02:28:03.217000,amd/DeepSeek-R1-MXFP4,40,40,10000.0,2026-02-16,17.480802283389494,1.0,0,15.802623966010287,15.489229473480199,16.483971579699073,1.3236588104935205,1.2296080054044711,deepseek_r1_mxfp4_vllm_20260216,40960,15.944158445725325,3525.262775355077,6636.9526235781605,,30.219267747015692,,,15.48922914498387,17099.174424084486,1355.426621945365,2016.0,232.60461349855177,amd/DeepSeek-R1-MXFP4
doks-1.34.1-rocm-7.0.2-mi350x8-vllm-dev-dsfp4_1120,41943,2638.533569257456,openai,http://mi350-vllm-dev.default.svc.cluster.local:80,openai,41,3.0976804583455664,2026-02-17 02:28:59.400000,amd/DeepSeek-R1-MXFP4,41,41,10000.0,2026-02-16,18.334194170311097,1.0,0,16.552092973142862,16.145131078198474,16.826602747415322,1.2889758521042773,1.1259290328764688,deepseek_r1_mxfp4_vllm_20260216,41984,16.72302348389475,3994.4919080788654,7105.476705471292,,31.808198681974318,,,16.145130813601543,17593.235877424013,1319.91127255478,1920.0,260.46929601579905,amd/DeepSeek-R1-MXFP4
doks-1.34.1-rocm-7.0.2-mi350x8-vllm-dev-dsfp4_1120,42966,2792.0056576102925,openai,http://mi350-vllm-dev.default.svc.cluster.local:80,openai,42,2.46474107038519,2026-02-17 02:29:54.927000,amd/DeepSeek-R1-MXFP4,42,42,10000.0,2026-02-16,17.759679059963673,1.0,0,15.674018999561667,15.49243147014149,15.999397979733462,1.3639500037177785,0.8775670071378054,deepseek_r1_mxfp4_vllm_20260216,43008,15.995831740513683,4034.5459735711174,6960.490283852577,,30.792917545011733,,,15.492431066078773,16548.849774980918,1396.6848038070052,2048.0,165.8064154908061,amd/DeepSeek-R1-MXFP4
doks-1.34.1-rocm-7.0.2-mi350x8-vllm-dev-dsfp4_1120,43989,2829.1540164913017,openai,http://mi350-vllm-dev.default.svc.cluster.local:80,openai,43,4.773224612165002,2026-02-17 02:30:50.449000,amd/DeepSeek-R1-MXFP4,43,43,10000.0,2026-02-16,17.834456770215194,1.0,0,15.777205990161747,15.626015787951003,16.243440305114518,1.3820977120133375,0.9795958454310476,deepseek_r1_mxfp4_vllm_20260216,44032,16.146190289361538,4437.3766188428535,7252.77565192197,,31.112127330969088,,,15.62601548391724,16833.809097794583,1415.2680571016576,2016.0,256.035361031536,amd/DeepSeek-R1-MXFP4
doks-1.34.1-rocm-7.0.2-mi350x8-vllm-dev-dsfp4_1120,45012,2878.059724292071,openai,http://mi350-vllm-dev.default.svc.cluster.local:80,openai,44,4.786353487730617,2026-02-17 02:31:46.592000,amd/DeepSeek-R1-MXFP4,44,44,10000.0,2026-02-16,17.72250217560213,1.0,0,15.882890962529927,15.667673802140298,16.303627387614135,1.4059891178759507,0.9830464894624257,deepseek_r1_mxfp4_vllm_20260216,45056,16.22297934898087,4749.162153434801,7431.173963202804,,31.29469456098741,,,15.667673575353879,16908.474633547594,1439.7328567049735,2016.0,268.78745103022084,amd/DeepSeek-R1-MXFP4
doks-1.34.1-rocm-7.0.2-mi350x8-vllm-dev-dsfp4_1120,46035,2937.035076425046,openai,http://mi350-vllm-dev.default.svc.cluster.local:80,openai,45,5.239876944269089,2026-02-17 02:32:42.140000,amd/DeepSeek-R1-MXFP4,45,45,10000.0,2026-02-16,17.57768742623738,1.0,0,15.837197017390281,15.647126294561627,16.316899866027757,1.434799744223276,0.9768980085686056,deepseek_r1_mxfp4_vllm_20260216,46080,16.201653563074277,5021.0738275963295,7568.053696992845,,31.363261793972924,,,15.64712602432938,16919.94073720649,1469.2349380846347,2016.0,266.1242369795218,amd/DeepSeek-R1-MXFP4
doks-1.34.1-rocm-7.0.2-mi350x8-vllm-dev-dsfp4_1120,47058,2880.068032027337,openai,http://mi350-vllm-dev.default.svc.cluster.local:80,openai,46,10.382005833812789,2026-02-17 02:33:39.304000,amd/DeepSeek-R1-MXFP4,46,46,10000.0,2026-02-16,18.23704851442017,1.0,0,16.43504048115574,16.273486921392006,17.061399555328563,1.4069702159390995,1.0606499111591732,deepseek_r1_mxfp4_vllm_20260216,47104,16.839702555728586,5485.203281478987,8011.864969139042,,32.69436657498591,,,16.273486659017184,17931.17189245531,1440.737501121638,1928.0,256.86299649532884,amd/DeepSeek-R1-MXFP4
doks-1.34.1-rocm-7.0.2-mi350x8-vllm-dev-dsfp4_1120,48081,3058.411354577939,openai,http://mi350-vllm-dev.default.svc.cluster.local:80,openai,47,3.723159408920657,2026-02-17 02:34:35.761000,amd/DeepSeek-R1-MXFP4,47,47,10000.0,2026-02-16,17.54743620986118,1.0,0,15.605806955136359,15.518861039599694,16.059293171819,1.4940944575368535,0.7747601294035428,deepseek_r1_mxfp4_vllm_20260216,48128,16.044209228750255,5463.975297674745,7674.981853880489,,31.45718114601914,,,15.51886068337331,16859.88542038831,1529.952724517738,2016.0,276.13704197574407,amd/DeepSeek-R1-MXFP4
doks-1.34.1-rocm-7.0.2-mi350x8-vllm-dev-dsfp4_1120,49104,3093.6631307845623,openai,http://mi350-vllm-dev.default.svc.cluster.local:80,openai,48,3.1767231251951396,2026-02-17 02:35:31.388000,amd/DeepSeek-R1-MXFP4,48,48,10000.0,2026-02-16,18.078336623730138,1.0,0,15.993971523130313,15.755366896300142,16.548487558393177,1.5113156476719893,1.0891279516517225,deepseek_r1_mxfp4_vllm_20260216,49152,16.51434430987724,5857.768931347285,7989.784810660888,,31.760406950023025,,,15.755366554965507,17271.184815534507,1547.587223216117,1983.0,271.67491949512623,amd/DeepSeek-R1-MXFP4
doks-1.34.1-rocm-7.0.2-mi350x8-vllm-dev-dsfp4_1120,50127,3078.354285414273,openai,http://mi350-vllm-dev.default.svc.cluster.local:80,openai,49,4.113244416970461,2026-02-17 02:36:28.203000,amd/DeepSeek-R1-MXFP4,49,49,10000.0,2026-02-16,17.445417477283623,1.0,0,15.72662201942876,15.83464711754828,16.22797905333169,1.503836973822312,0.2751108950255921,deepseek_r1_mxfp4_vllm_20260216,50176,15.970756456493522,5920.824722572211,7858.515056006676,,32.5833191050333,,,15.834646806295742,16851.50988483103,1539.9290611940476,2016.0,234.3362639658153,amd/DeepSeek-R1-MXFP4
doks-1.34.1-rocm-7.0.2-mi350x8-vllm-dev-dsfp4_1120,51150,3002.496266858198,openai,http://mi350-vllm-dev.default.svc.cluster.local:80,openai,50,13.715341096449508,2026-02-17 02:37:26.836000,amd/DeepSeek-R1-MXFP4,50,50,10000.0,2026-02-16,18.07794225343969,1.0,0,15.996731992345303,16.441623368735204,16.59777915014299,1.4667788309028813,0.24934925179180426,deepseek_r1_mxfp4_vllm_20260216,51200,16.53124249998534,6414.7323605266865,8267.38469878546,,34.08830216701608,,,16.441622994854256,17920.492113592918,1501.9815228445505,1984.0,284.7229054896161,amd/DeepSeek-R1-MXFP4
doks-1.34.1-rocm-7.0.2-mi350x8-vllm-dev-dsfp4_1120,52173,3179.836166095832,openai,http://mi350-vllm-dev.default.svc.cluster.local:80,openai,51,3.1730156569991506,2026-02-17 02:38:24.447000,amd/DeepSeek-R1-MXFP4,51,51,10000.0,2026-02-16,17.915107083972543,1.0,0,15.830303018447012,15.945363080752927,16.303043309412534,1.5534128803594687,0.3634192202002911,deepseek_r1_mxfp4_vllm_20260216,52224,16.18681699315219,6454.792374587508,8076.938482248115,,32.830936736019794,,,15.94536273762304,17080.585705989506,1590.694789488096,1984.0,290.36250902572647,amd/DeepSeek-R1-MXFP4
doks-1.34.1-rocm-7.0.2-mi350x8-vllm-dev-dsfp4_1120,53196,3248.640806849463,openai,http://mi350-vllm-dev.default.svc.cluster.local:80,openai,52,4.523013297159056,2026-02-17 02:39:20.814000,amd/DeepSeek-R1-MXFP4,52,52,10000.0,2026-02-16,17.414762108819566,1.0,0,15.691849985159934,15.81002271300249,16.06022120705309,1.5870253086709638,0.10243666589200434,deepseek_r1_mxfp4_vllm_20260216,53248,15.76474721943263,6458.97906061929,7918.944930906392,,32.7657030520495,,,15.810022478678246,16675.40670662187,1625.113916079067,2048.0,263.6587200395297,amd/DeepSeek-R1-MXFP4
doks-1.34.1-rocm-7.0.2-mi350x8-vllm-dev-dsfp4_1120,54219,3215.8415453289854,openai,http://mi350-vllm-dev.default.svc.cluster.local:80,openai,53,2.893173638844645,2026-02-17 02:40:19.451000,amd/DeepSeek-R1-MXFP4,53,53,10000.0,2026-02-16,18.406182351754975,1.0,0,16.39165502274409,16.461448864438566,16.978988450945504,1.5710022204831389,0.6066397412849156,deepseek_r1_mxfp4_vllm_20260216,54272,16.936009834777245,7095.516556773976,8507.361845647314,,33.736425899958704,,,16.461448539533556,17712.54470432643,1608.7062737747342,1920.0,278.32612104248255,amd/DeepSeek-R1-MXFP4
doks-1.34.1-rocm-7.0.2-mi350x8-vllm-dev-dsfp4_1120,55242,3387.4990089507655,openai,http://mi350-vllm-dev.default.svc.cluster.local:80,openai,54,3.2984117532624957,2026-02-17 02:41:16.329000,amd/DeepSeek-R1-MXFP4,54,54,10000.0,2026-02-16,17.25847667315974,1.0,0,15.696089016273618,15.766657208681975,15.87266132437063,1.6548602877141014,0.0800630693663456,deepseek_r1_mxfp4_vllm_20260216,55296,15.724436129983431,6826.194903096486,7980.769190117015,,32.631153458030894,,,15.766656974636431,16589.11803654919,1694.5769346192399,2048.0,275.26904351543635,amd/DeepSeek-R1-MXFP4
doks-1.34.1-rocm-7.0.2-mi350x8-vllm-dev-dsfp4_1120,56265,3338.895296466798,openai,http://mi350-vllm-dev.default.svc.cluster.local:80,openai,55,7.1548341982475065,2026-02-17 02:42:14.619000,amd/DeepSeek-R1-MXFP4,55,55,10000.0,2026-02-16,17.716975598596036,1.0,0,16.028430953156203,16.207803534312596,16.392762010307337,1.6311164125387387,0.1997552730844977,deepseek_r1_mxfp4_vllm_20260216,56320,16.291241027357444,7337.230520309161,8388.077757770141,,33.71923645498464,,,16.20780320472678,17485.093600659166,1670.2632064396685,2007.0,291.8331699911505,amd/DeepSeek-R1-MXFP4
doks-1.34.1-rocm-7.0.2-mi350x8-vllm-dev-dsfp4_1120,57288,3315.9588889761694,openai,http://mi350-vllm-dev.default.svc.cluster.local:80,openai,56,29.21328746125326,2026-02-17 02:43:13.390000,amd/DeepSeek-R1-MXFP4,56,56,10000.0,2026-02-16,17.824392940965478,1.0,0,15.95086051383987,16.61530514886366,17.598250652100678,1.619911523681568,0.829338857627525,deepseek_r1_mxfp4_vllm_20260216,57344,16.228722271258885,7924.604427820928,8970.744011940915,,34.569789264001884,,,16.615304894588196,18479.926272132434,1658.7894002499256,2000.0,194.22707552439533,amd/DeepSeek-R1-MXFP4
doks-1.34.1-rocm-7.0.2-mi350x8-vllm-dev-dsfp4_1120,58311,3596.332741502718,openai,http://mi350-vllm-dev.default.svc.cluster.local:80,openai,57,2.9945851691402026,2026-02-17 02:44:10.211000,amd/DeepSeek-R1-MXFP4,57,57,10000.0,2026-02-16,17.540390201611448,1.0,0,15.631248010322452,15.701427255180562,16.150307347718083,1.7568796978518406,0.40484055237077066,deepseek_r1_mxfp4_vllm_20260216,58368,16.01447891595319,7493.260638018367,8222.30389169824,,32.443883363041095,,,15.701426998590101,16898.687142862473,1799.0448106002848,2016.0,284.4038410112262,amd/DeepSeek-R1-MXFP4
doks-1.34.1-rocm-7.0.2-mi350x8-vllm-dev-dsfp4_1120,59334,3536.7936574908504,openai,http://mi350-vllm-dev.default.svc.cluster.local:80,openai,58,9.550883547140142,2026-02-17 02:45:07.779000,amd/DeepSeek-R1-MXFP4,58,58,10000.0,2026-02-16,18.298034374020062,1.0,0,16.019503498682752,16.29275285837478,17.195933517444157,1.727793677328212,0.9810392876191669,deepseek_r1_mxfp4_vllm_20260216,59392,17.163158345548524,8179.417644450762,8817.050995200067,,33.56882292201044,,,16.2927526169308,18098.64825999248,1769.2607255840892,1920.0,307.3885504854843,amd/DeepSeek-R1-MXFP4
doks-1.34.1-rocm-7.0.2-mi350x8-vllm-dev-dsfp4_1120,60357,3683.835108210559,openai,http://mi350-vllm-dev.default.svc.cluster.local:80,openai,59,4.12989320924961,2026-02-17 02:46:03.358000,amd/DeepSeek-R1-MXFP4,59,59,10000.0,2026-02-16,17.5337396399118,1.0,0,15.75493102427572,15.86630674017949,16.360829385255354,1.7996263352274349,0.34949425183788513,deepseek_r1_mxfp4_vllm_20260216,60416,16.141466910992715,7833.920673405065,8308.273557733031,,32.7845835799817,,,15.866306430338483,17012.73273347877,1842.8173672728933,2016.0,273.53291999315843,amd/DeepSeek-R1-MXFP4
doks-1.34.1-rocm-7.0.2-mi350x8-vllm-dev-dsfp4_1120,61380,3671.29477915923,openai,http://mi350-vllm-dev.default.svc.cluster.local:80,openai,60,3.627904739972294,2026-02-17 02:47:01.381000,amd/DeepSeek-R1-MXFP4,60,60,10000.0,2026-02-16,18.093760464689694,1.0,0,16.06043500942178,16.15733099526027,16.77216804391358,1.793500136374807,0.6229995852878916,deepseek_r1_mxfp4_vllm_20260216,61440,16.721317518576672,8330.329089122824,8631.909473389702,,33.45413740602089,,,16.157330732238076,17667.0707765111,1836.5441396478025,1952.0,324.9635420215782,amd/DeepSeek-R1-MXFP4
doks-1.34.1-rocm-7.0.2-mi350x8-vllm-latest-0.15.1,1023,164.08707374054583,openai,http://mi350-vllm-latest.default.svc.cluster.local:80,openai,1,0.3909383852678508,2026-02-17 03:28:13.486000,amd/DeepSeek-R1-MXFP4,1,1,10000.0,2026-02-16,12.981267074355856,1.0,0,12.172927963547409,12.168664204305855,12.168661696938315,0.08015978199342737,0.0,deepseek_r1_mxfp4_vllm_20260216,1024,12.168661696938315,24.542059050872922,0.0,,12.475083827972412,,,12.168661696938315,24.542059050872922,82.08361676126962,86.0,24.542059050872922,amd/DeepSeek-R1-MXFP4
doks-1.34.1-rocm-7.0.2-mi350x8-vllm-latest-0.15.1,2046,300.0390373297855,openai,http://mi350-vllm-latest.default.svc.cluster.local:80,openai,2,14.94907828535005,2026-02-17 03:28:51.313000,amd/DeepSeek-R1-MXFP4,2,2,10000.0,2026-02-16,13.40060768998228,1.0,0,12.63897749595344,12.957361217968044,13.280261997564219,0.14657500602334417,0.3294932302021535,deepseek_r1_mxfp4_vllm_20260216,2048,12.957358631966107,374.8489980062004,349.45788301411085,,13.644891132949851,,,12.957358631966107,717.317723360029,150.09280616790443,166.0,374.8489980062004,amd/DeepSeek-R1-MXFP4
doks-1.34.1-rocm-7.0.2-mi350x8-vllm-latest-0.15.1,3069,443.12770478483213,openai,http://mi350-vllm-latest.default.svc.cluster.local:80,openai,3,8.160082839983918,2026-02-17 03:29:29.213000,amd/DeepSeek-R1-MXFP4,3,3,10000.0,2026-02-16,13.91022512689233,1.0,0,13.059221964795142,13.201543083759622,13.485014498359426,0.21647665109175973,0.20664400286315848,deepseek_r1_mxfp4_vllm_20260216,3072,13.055456874908957,341.7109373452452,223.3383467098469,,13.858307512011379,,,13.201542231678365,500.2479051891714,221.67209071796196,237.0,498.9956710487604,amd/DeepSeek-R1-MXFP4
doks-1.34.1-rocm-7.0.2-mi350x8-vllm-latest-0.15.1,4092,597.0851811506957,openai,http://mi350-vllm-latest.default.svc.cluster.local:80,openai,4,4.363927968434245,2026-02-17 03:30:07.876000,amd/DeepSeek-R1-MXFP4,4,4,10000.0,2026-02-16,13.971147084375843,1.0,0,13.09943149681203,13.148915124375451,13.340488963103025,0.2916879243530512,0.11521092737294816,deepseek_r1_mxfp4_vllm_20260216,4096,13.082465549373548,251.97533574828412,129.21382648109608,,13.71328624204034,,,13.148914490478093,327.6520502474159,298.6884345375244,320.0,326.01545049692504,amd/DeepSeek-R1-MXFP4
doks-1.34.1-rocm-7.0.2-mi350x8-vllm-latest-0.15.1,5115,696.5933687701299,openai,http://mi350-vllm-latest.default.svc.cluster.local:80,openai,5,3.8937041265403423,2026-02-17 03:30:46.986000,amd/DeepSeek-R1-MXFP4,5,5,10000.0,2026-02-16,14.91935463855043,1.0,0,14.034870953764766,14.090275334695924,14.290434323721914,0.34029964277974106,0.1053456480893922,deepseek_r1_mxfp4_vllm_20260216,5120,14.03767438322071,269.1618483979255,118.21111371563606,,14.692933437007014,,,14.09027464300911,329.7955317259766,348.46683420645485,370.0,328.085494984407,amd/DeepSeek-R1-MXFP4
doks-1.34.1-rocm-7.0.2-mi350x8-vllm-latest-0.15.1,6138,838.4433437215973,openai,http://mi350-vllm-latest.default.svc.cluster.local:80,openai,6,3.4708849559961292,2026-02-17 03:31:25.532000,amd/DeepSeek-R1-MXFP4,6,6,10000.0,2026-02-16,14.960490447701886,1.0,0,13.996584486449137,14.044948176767374,14.243513116338663,0.40959616205256344,0.09446668094492812,deepseek_r1_mxfp4_vllm_20260216,6144,14.002775134885626,271.8106361765725,107.1241739085427,,14.64857475698227,,,14.044947236388376,321.26220474019647,419.42646994182496,444.0,319.26660300814547,amd/DeepSeek-R1-MXFP4
doks-1.34.1-rocm-7.0.2-mi350x8-vllm-latest-0.15.1,7161,973.6382395337487,openai,http://mi350-vllm-latest.default.svc.cluster.local:80,openai,7,3.340407944293514,2026-02-17 03:32:03.720000,amd/DeepSeek-R1-MXFP4,7,7,10000.0,2026-02-16,15.109760593622921,1.0,0,14.07475396990776,14.096360868603202,14.303415835689833,0.4756415434947478,0.0908901667021291,deepseek_r1_mxfp4_vllm_20260216,7168,14.059223313799961,288.3951399957628,102.81376329774484,,14.716965108993463,,,14.096360252907424,332.1190238313284,487.05694053862175,518.0,329.7373979585245,amd/DeepSeek-R1-MXFP4
doks-1.34.1-rocm-7.0.2-mi350x8-vllm-latest-0.15.1,8184,1099.5408830105007,openai,http://mi350-vllm-latest.default.svc.cluster.local:80,openai,8,5.344438483568314,2026-02-17 03:32:42.994000,amd/DeepSeek-R1-MXFP4,8,8,10000.0,2026-02-16,15.21524328738451,1.0,0,14.225809485651553,14.319063676932277,14.490139968742758,0.5371474758234004,0.12980931316446392,deepseek_r1_mxfp4_vllm_20260216,8192,14.218641480460322,231.1680248749326,144.34689766024408,,14.893488958012313,,,14.31906315933644,345.47909440938383,550.039015243162,584.0,341.6942750045564,amd/DeepSeek-R1-MXFP4
doks-1.34.1-rocm-7.0.2-mi350x8-vllm-latest-0.15.1,9207,1173.5963578913224,openai,http://mi350-vllm-latest.default.svc.cluster.local:80,openai,9,2.909515606964335,2026-02-17 03:33:23.155000,amd/DeepSeek-R1-MXFP4,9,9,10000.0,2026-02-16,16.05224763858132,1.0,0,15.018595033325255,15.038490572400734,15.248549307320078,0.573325040494051,0.08160768379304728,deepseek_r1_mxfp4_vllm_20260216,9216,15.009667917884402,303.57965799824643,96.71193957342304,,15.697901477047708,,,15.0384900869955,340.240102999378,587.0848414659082,625.0,337.29083894286305,amd/DeepSeek-R1-MXFP4
doks-1.34.1-rocm-7.0.2-mi350x8-vllm-latest-0.15.1,10230,1299.8780305239554,openai,http://mi350-vllm-latest.default.svc.cluster.local:80,openai,10,2.790335605203933,2026-02-17 03:34:02.512000,amd/DeepSeek-R1-MXFP4,10,10,10000.0,2026-02-16,16.167579657048915,1.0,0,15.060977486427873,15.079220537440387,15.292381038034666,0.6350161360644628,0.07894054232407041,deepseek_r1_mxfp4_vllm_20260216,10240,15.052937742908515,312.5327084970195,94.48477692539527,,15.747631331032608,,,15.079220051710829,347.5475540314801,650.2565233300099,690.0,343.13215847942047,amd/DeepSeek-R1-MXFP4
doks-1.34.1-rocm-7.0.2-mi350x8-vllm-latest-0.15.1,11253,1414.6305699619934,openai,http://mi350-vllm-latest.default.svc.cluster.local:80,openai,11,2.626596610783126,2026-02-17 03:34:42.423000,amd/DeepSeek-R1-MXFP4,11,11,10000.0,2026-02-16,16.24860496493056,1.0,0,15.222824004013091,15.244119164222438,15.453377123841314,0.6910750219648233,0.07434811019389784,deepseek_r1_mxfp4_vllm_20260216,11264,15.220595066474782,312.38915490261707,89.18396362751899,,15.917229896003846,,,15.244118537552541,343.7387914862484,707.660822491979,748.0,340.8388099633157,amd/DeepSeek-R1-MXFP4
doks-1.34.1-rocm-7.0.2-mi350x8-vllm-latest-0.15.1,12276,1545.9921824199612,openai,http://mi350-vllm-latest.default.svc.cluster.local:80,openai,12,2.56639805929967,2026-02-17 03:35:22.687000,amd/DeepSeek-R1-MXFP4,12,12,10000.0,2026-02-16,16.31179549440276,1.0,0,15.192741993814707,15.2088665500979,15.422241765487861,0.7552477686467812,0.07309917260929492,deepseek_r1_mxfp4_vllm_20260216,12288,15.186839901265449,320.37091775176424,87.57457622361336,,15.8888254929916,,,15.208866144583581,349.67635508452076,773.373715094304,828.0,346.5826000319794,amd/DeepSeek-R1-MXFP4
doks-1.34.1-rocm-7.0.2-mi350x8-vllm-latest-0.15.1,13299,1687.2175036927645,openai,http://mi350-vllm-latest.default.svc.cluster.local:80,openai,13,2.489812452284069,2026-02-17 03:36:02.879000,amd/DeepSeek-R1-MXFP4,13,13,10000.0,2026-02-16,16.166689968667924,1.0,0,15.062053978908807,15.087524583873336,15.30342642801658,0.8242391322387712,0.07163303970329112,deepseek_r1_mxfp4_vllm_20260216,13312,15.066861921799838,327.02295100674604,85.26820575337729,,15.772121816989966,,,15.087524072255178,355.6106253317557,844.0208714125017,897.0,350.6620430271141,amd/DeepSeek-R1-MXFP4
doks-1.34.1-rocm-7.0.2-mi350x8-vllm-latest-0.15.1,14322,1789.7814646333836,openai,http://mi350-vllm-latest.default.svc.cluster.local:80,openai,14,2.435259787525017,2026-02-17 03:36:43.528000,amd/DeepSeek-R1-MXFP4,14,14,10000.0,2026-02-16,16.36833240510896,1.0,0,15.30127800651826,15.312007725446856,15.531516370016108,0.8743436563914917,0.07078098133823085,deepseek_r1_mxfp4_vllm_20260216,14336,15.292308020025613,336.23678035551814,84.07083563624613,,16.012010721024126,,,15.312007241581956,364.4202780089108,895.3279041448875,952.0,359.8840625199955,amd/DeepSeek-R1-MXFP4
doks-1.34.1-rocm-7.0.2-mi350x8-vllm-latest-0.15.1,15345,1951.5512719281744,openai,http://mi350-vllm-latest.default.svc.cluster.local:80,openai,15,5.388814993936605,2026-02-17 03:37:23.838000,amd/DeepSeek-R1-MXFP4,15,15,10000.0,2026-02-16,16.225424481090155,1.0,0,15.051564027089626,15.131745131506682,15.29231896133955,0.9533714078789323,0.12566367784892296,deepseek_r1_mxfp4_vllm_20260216,15360,15.02926208505376,234.1260607354343,142.85003752192256,,15.733637358993292,,,15.1317448212479,353.1577836337965,976.2523216680266,1035.0,345.9463900071569,amd/DeepSeek-R1-MXFP4
doks-1.34.1-rocm-7.0.2-mi350x8-vllm-latest-0.15.1,16368,2071.1215545870273,openai,http://mi350-vllm-latest.default.svc.cluster.local:80,openai,16,6.940593189222337,2026-02-17 03:38:03.674000,amd/DeepSeek-R1-MXFP4,16,16,10000.0,2026-02-16,16.278604951221496,1.0,0,15.113970002857968,15.273909070323922,15.377897765881286,1.0117838566619575,0.13282802300599164,deepseek_r1_mxfp4_vllm_20260216,16384,15.377388786432814,170.94905675185146,142.57792387908682,,15.813654166006017,,,15.273908610213843,357.4020532454597,1036.0666692218444,1104.0,65.4238595161587,amd/DeepSeek-R1-MXFP4
doks-1.34.1-rocm-7.0.2-mi350x8-vllm-latest-0.15.1,17391,1945.4207189793945,openai,http://mi350-vllm-latest.default.svc.cluster.local:80,openai,17,7.274684430527634,2026-02-17 03:38:45.048000,amd/DeepSeek-R1-MXFP4,17,17,10000.0,2026-02-16,18.315966002410278,1.0,0,17.134926980361342,17.28542245282103,17.366101842888888,0.9503765114701488,0.12144362604036316,deepseek_r1_mxfp4_vllm_20260216,17408,17.362072309825063,168.02350364228272,140.78070433355862,,17.88764746900415,,,17.285421978671753,388.1435686489567,973.1855477454324,1020.0,88.29053200315684,amd/DeepSeek-R1-MXFP4
doks-1.34.1-rocm-7.0.2-mi350x8-vllm-latest-0.15.1,18414,2040.316075746583,openai,http://mi350-vllm-latest.default.svc.cluster.local:80,openai,18,11.382616898839109,2026-02-17 03:39:27.339000,amd/DeepSeek-R1-MXFP4,18,18,10000.0,2026-02-16,18.30129219160881,1.0,0,17.126942984759808,17.400223453998734,17.54584653831448,0.9967347707604216,0.20494349219657912,deepseek_r1_mxfp4_vllm_20260216,18432,17.544960261496442,230.6206232784057,221.47048999550356,,18.058966665994376,,,17.400223134785946,544.485138655873,1020.6564052586717,1080.0,79.23426054185256,amd/DeepSeek-R1-MXFP4
doks-1.34.1-rocm-7.0.2-mi350x8-vllm-latest-0.15.1,19437,2210.9029902392845,openai,http://mi350-vllm-latest.default.svc.cluster.local:80,openai,19,5.5427412781562255,2026-02-17 03:40:08.557000,amd/DeepSeek-R1-MXFP4,19,19,10000.0,2026-02-16,18.1280131614767,1.0,0,16.84154395479709,16.941862849823348,17.091818663405657,1.0800698535609596,0.12663946562741504,deepseek_r1_mxfp4_vllm_20260216,19456,16.83417200193925,235.9302126293953,145.36297369540006,,17.591454790963326,,,16.941862589501504,364.69234036281705,1105.9915300464227,1159.0,356.7420350154862,amd/DeepSeek-R1-MXFP4
doks-1.34.1-rocm-7.0.2-mi350x8-vllm-latest-0.15.1,20460,2314.5634468553208,openai,http://mi350-vllm-latest.default.svc.cluster.local:80,openai,20,2.0947704547442827,2026-02-17 03:40:50.841000,amd/DeepSeek-R1-MXFP4,20,20,10000.0,2026-02-16,18.23665718897246,1.0,0,16.877015033969656,16.911562473213557,17.116929746135856,1.1307100375453447,0.05887481319802721,deepseek_r1_mxfp4_vllm_20260216,20480,16.89811195648582,372.5558707024902,78.36968870137666,,17.68800075695617,,,16.911562215051482,398.4669796767412,1157.847078446433,1220.0,391.78381202509627,amd/DeepSeek-R1-MXFP4
doks-1.34.1-rocm-7.0.2-mi350x8-vllm-latest-0.15.1,21483,2375.1904016351923,openai,http://mi350-vllm-latest.default.svc.cluster.local:80,openai,21,6.860384233071862,2026-02-17 03:41:33.173000,amd/DeepSeek-R1-MXFP4,21,21,10000.0,2026-02-16,18.620323893846944,1.0,0,17.299865023232996,17.467139625700923,17.571064684665664,1.1603275044627221,0.1307564577061177,deepseek_r1_mxfp4_vllm_20260216,21504,17.570242173978848,199.17086229127432,144.89256480600815,,18.09833854599856,,,17.46713924582163,384.9637446110137,1188.1753645698275,1252.0,92.20581100089476,amd/DeepSeek-R1-MXFP4
doks-1.34.1-rocm-7.0.2-mi350x8-vllm-latest-0.15.1,22506,2568.2646515099555,openai,http://mi350-vllm-latest.default.svc.cluster.local:80,openai,22,5.258901592686363,2026-02-17 03:42:14.784000,amd/DeepSeek-R1-MXFP4,22,22,10000.0,2026-02-16,18.03641699370928,1.0,0,16.756330471253023,16.846299143471555,17.025848318553436,1.2546480955104815,0.1275724477978402,deepseek_r1_mxfp4_vllm_20260216,22528,16.750220999061124,279.0912576839963,146.12834767952145,,17.534797270025592,,,16.846298874791966,394.2010476923315,1284.759649802733,1364.0,385.6494879873935,amd/DeepSeek-R1-MXFP4
doks-1.34.1-rocm-7.0.2-mi350x8-vllm-latest-0.15.1,23529,2638.0539151193234,openai,http://mi350-vllm-latest.default.svc.cluster.local:80,openai,23,6.942340061308538,2026-02-17 03:42:57.211000,amd/DeepSeek-R1-MXFP4,23,23,10000.0,2026-02-16,18.424560700077567,1.0,0,17.076230025850236,17.229943480933734,17.324740971944532,1.288741531567818,0.13001775321477418,deepseek_r1_mxfp4_vllm_20260216,23552,17.324112179834316,200.83822014124092,137.40788233012503,,17.846867999993265,,,17.228478598145575,389.8291407653596,1319.6713283254455,1403.0,108.37086802348495,amd/DeepSeek-R1-MXFP4
doks-1.34.1-rocm-7.0.2-mi350x8-vllm-latest-0.15.1,24552,2768.8723073339715,openai,http://mi350-vllm-latest.default.svc.cluster.local:80,openai,24,3.296944490893816,2026-02-17 03:43:39.031000,amd/DeepSeek-R1-MXFP4,24,24,10000.0,2026-02-16,18.162810861831527,1.0,0,16.963098489213735,16.93830242497152,17.191587405542492,1.352648904413274,0.09005127295050055,deepseek_r1_mxfp4_vllm_20260216,24576,16.903250978492387,391.88438287965255,117.19385046452136,,17.742963397002313,,,16.936922293536774,445.6858347915113,1385.1124781191925,1464.0,436.71578948851675,amd/DeepSeek-R1-MXFP4
doks-1.34.1-rocm-7.0.2-mi350x8-vllm-latest-0.15.1,25575,2813.8349409731377,openai,http://mi350-vllm-latest.default.svc.cluster.local:80,openai,25,3.7325226969882017,2026-02-17 03:44:21.390000,amd/DeepSeek-R1-MXFP4,25,25,10000.0,2026-02-16,18.905769245466217,1.0,0,17.43522402830422,17.497476959577828,17.660093297367098,1.3746140405340193,0.09944817548019984,deepseek_r1_mxfp4_vllm_20260216,25600,17.43610007527948,259.78927748277783,125.73003511500328,,18.18692321103299,,,17.497476718210063,346.45027089864016,1407.6047775068357,1475.0,334.8281609942205,amd/DeepSeek-R1-MXFP4
doks-1.34.1-rocm-7.0.2-mi350x8-vllm-latest-0.15.1,26598,2974.9963934008533,openai,http://mi350-vllm-latest.default.svc.cluster.local:80,openai,26,5.688231974767611,2026-02-17 03:45:04.443000,amd/DeepSeek-R1-MXFP4,26,26,10000.0,2026-02-16,18.485127458698116,1.0,0,17.09075950202532,17.199393959506626,17.351319808667125,1.4533445986325613,0.12962016361605286,deepseek_r1_mxfp4_vllm_20260216,26624,17.088856932053705,266.17069535020096,146.69717993491307,,17.889769586967304,,,17.199393594633136,398.55492823699024,1488.2248689997427,1560.0,386.69333851430565,amd/DeepSeek-R1-MXFP4
doks-1.34.1-rocm-7.0.2-mi350x8-vllm-latest-0.15.1,27621,3137.2103076856233,openai,http://mi350-vllm-latest.default.svc.cluster.local:80,openai,27,6.55704738989299,2026-02-17 03:45:47.162000,amd/DeepSeek-R1-MXFP4,27,27,10000.0,2026-02-16,18.167814216576513,1.0,0,16.844869998749346,16.987703413562482,17.08435907733594,1.5325893051712862,0.1239267778245072,deepseek_r1_mxfp4_vllm_20260216,27648,17.0829026246437,201.11950240701577,143.8113206355491,,17.617244168999605,,,16.987703140476864,390.49620754434727,1569.371448495397,1647.0,108.9133819914423,amd/DeepSeek-R1-MXFP4
doks-1.34.1-rocm-7.0.2-mi350x8-vllm-latest-0.15.1,28644,3231.469728539135,openai,http://mi350-vllm-latest.default.svc.cluster.local:80,openai,28,2.4764889396446024,2026-02-17 03:46:28.640000,amd/DeepSeek-R1-MXFP4,28,28,10000.0,2026-02-16,18.380246394663118,1.0,0,16.958670981694013,16.93342254967739,17.18970210845869,1.5786368971857034,0.06989464939798182,deepseek_r1_mxfp4_vllm_20260216,28672,16.914195923266917,393.96268368000165,95.67252701702219,,17.736820956051815,,,16.933422338112738,428.5386956750881,1616.5241827181603,1708.0,422.33961151214316,amd/DeepSeek-R1-MXFP4
doks-1.34.1-rocm-7.0.2-mi350x8-vllm-latest-0.15.1,29667,3249.9388626565537,openai,http://mi350-vllm-latest.default.svc.cluster.local:80,openai,29,5.355296512162688,2026-02-17 03:47:10.963000,amd/DeepSeek-R1-MXFP4,29,29,10000.0,2026-02-16,18.856218872824684,1.0,0,17.410981003195047,17.514679433376056,17.69982817952174,1.5876594346148285,0.13252422387415058,deepseek_r1_mxfp4_vllm_20260216,29696,17.418745889570584,308.6911633486281,167.85225982506688,,18.26588207000168,,,17.514679191317967,439.21713520772755,1625.7632610455844,1711.0,427.1239039953798,amd/DeepSeek-R1-MXFP4
doks-1.34.1-rocm-7.0.2-mi350x8-vllm-latest-0.15.1,30690,3375.5499575179547,openai,http://mi350-vllm-latest.default.svc.cluster.local:80,openai,30,7.425710900208569,2026-02-17 03:47:53.698000,amd/DeepSeek-R1-MXFP4,30,30,10000.0,2026-02-16,18.786540872533806,1.0,0,17.362890008371323,17.535569069634487,17.617499196126612,1.6490229396765776,0.11610870011238163,deepseek_r1_mxfp4_vllm_20260216,30720,17.593131110004766,201.81329083279707,140.22659672118658,,18.19259106600657,,,17.53556878983942,447.0595569588477,1688.5994902288155,1770.0,153.48832900053822,amd/DeepSeek-R1-MXFP4
doks-1.34.1-rocm-7.0.2-mi350x8-vllm-latest-0.15.1,31713,3483.102840596893,openai,http://mi350-vllm-latest.default.svc.cluster.local:80,openai,31,3.251556191441013,2026-02-17 03:48:36.741000,amd/DeepSeek-R1-MXFP4,31,31,10000.0,2026-02-16,18.8732276041992,1.0,0,17.328204994555563,17.390178431088923,17.630577263533148,1.701564650999948,0.09068018612811103,deepseek_r1_mxfp4_vllm_20260216,31744,17.355462292289836,397.975871223025,131.85190498030323,,18.218526097014546,,,17.390178197619544,460.14710396993905,1742.4022026239468,1829.0,444.3444070057012,amd/DeepSeek-R1-MXFP4
doks-1.34.1-rocm-7.0.2-mi350x8-vllm-latest-0.15.1,32736,3590.9783603490714,openai,http://mi350-vllm-latest.default.svc.cluster.local:80,openai,32,4.919024970397769,2026-02-17 03:49:19.201000,amd/DeepSeek-R1-MXFP4,32,32,10000.0,2026-02-16,18.8369234878337,1.0,0,17.439020477468148,17.48698253155304,17.675042554519013,1.7542639767215786,0.12442908743971537,deepseek_r1_mxfp4_vllm_20260216,32768,17.403252185739984,310.7637549383071,160.12050530520642,,18.241268375015352,,,17.486982179339435,428.82617934956215,1796.3663121628965,1888.0,416.19925503619015,amd/DeepSeek-R1-MXFP4
doks-1.34.1-rocm-7.0.2-mi350x8-vllm-latest-0.15.1,33759,2152.974760753836,openai,http://mi350-vllm-latest.default.svc.cluster.local:80,openai,33,2.4802490581567698,2026-02-17 03:50:13.918000,amd/DeepSeek-R1-MXFP4,33,33,10000.0,2026-02-16,19.807891438249495,1.0,0,18.26067501679063,18.097520796084567,18.34611963102902,1.0517707673443264,1.0313644230258943,deepseek_r1_mxfp4_vllm_20260216,33792,18.236178410547225,744.2134758845592,3193.0700253170726,,31.375658104021568,,,18.097520576254478,12864.49942339444,1077.0132657605902,1792.0,241.4173039724119,amd/DeepSeek-R1-MXFP4
doks-1.34.1-rocm-7.0.2-mi350x8-vllm-latest-0.15.1,34782,2174.453384592768,openai,http://mi350-vllm-latest.default.svc.cluster.local:80,openai,34,1.9773697506244676,2026-02-17 03:51:09.876000,amd/DeepSeek-R1-MXFP4,34,34,10000.0,2026-02-16,19.902910062810413,1.0,0,18.35073999245651,18.027580893564036,18.44401186985364,1.0622635000453189,1.31956361999231,deepseek_r1_mxfp4_vllm_20260216,34816,18.34236898925269,1327.7740078320837,4400.418694587727,,32.007124407973606,,,18.02758063874361,18936.876377696753,1087.7578240464065,1824.0,256.99249951867387,amd/DeepSeek-R1-MXFP4
doks-1.34.1-rocm-7.0.2-mi350x8-vllm-latest-0.15.1,35805,2173.0211229687116,openai,http://mi350-vllm-latest.default.svc.cluster.local:80,openai,35,20.445170529880414,2026-02-17 03:52:07.095000,amd/DeepSeek-R1-MXFP4,35,35,10000.0,2026-02-16,18.954158089472912,1.0,0,17.43774052010849,17.53936390587934,18.745709021306276,1.0615638119045978,1.3894339782249707,deepseek_r1_mxfp4_vllm_20260216,35840,17.67537225709676,2675.562102562149,5152.163459236516,,32.97022713802289,,,17.53887381232511,19488.748885029927,1087.0413433903082,1888.0,1453.5184229607694,amd/DeepSeek-R1-MXFP4
doks-1.34.1-rocm-7.0.2-mi350x8-vllm-latest-0.15.1,36828,2332.6694425979476,openai,http://mi350-vllm-latest.default.svc.cluster.local:80,openai,36,6.484479729333112,2026-02-17 03:53:02.730000,amd/DeepSeek-R1-MXFP4,36,36,10000.0,2026-02-16,18.73196275206283,1.0,0,17.196538508869708,16.985342572036483,17.470150375944147,1.1395551746936725,1.3418593697087586,deepseek_r1_mxfp4_vllm_20260216,36864,17.469670108519722,2220.6017695538726,5586.527253094293,,31.5912742089713,,,16.98534236018576,18119.15045439964,1166.9044988863207,1912.0,263.2032039691694,amd/DeepSeek-R1-MXFP4
doks-1.34.1-rocm-7.0.2-mi350x8-vllm-latest-0.15.1,37851,2346.5876970814297,openai,http://mi350-vllm-latest.default.svc.cluster.local:80,openai,37,5.5989874228325744,2026-02-17 03:53:59.532000,amd/DeepSeek-R1-MXFP4,37,37,10000.0,2026-02-16,18.419619009364396,1.0,0,16.933747043367475,16.79100308483247,17.24661395811992,1.1463545173822325,1.0620916985441813,deepseek_r1_mxfp4_vllm_20260216,37888,17.245400522028497,2573.4076336941785,6023.827145368226,,32.27622819901444,,,16.791002836703687,17873.660531018395,1173.867025799406,1931.0,254.1382490308024,amd/DeepSeek-R1-MXFP4
doks-1.34.1-rocm-7.0.2-mi350x8-vllm-latest-0.15.1,38874,2373.2142470013105,openai,http://mi350-vllm-latest.default.svc.cluster.local:80,openai,38,3.328746642191155,2026-02-17 03:54:56.610000,amd/DeepSeek-R1-MXFP4,38,38,10000.0,2026-02-16,19.1146347799804,1.0,0,17.581681517185643,17.198709595175817,17.802804620801208,1.1593621138257502,1.363361141956144,deepseek_r1_mxfp4_vllm_20260216,38912,17.78328548145584,3055.745969659735,6629.321795143849,,32.77664462797111,,,17.198709347013892,18418.636547101196,1187.1868045575682,1856.0,251.2685955152847,amd/DeepSeek-R1-MXFP4
doks-1.34.1-rocm-7.0.2-mi350x8-vllm-latest-0.15.1,39897,2441.9398857127117,openai,http://mi350-vllm-latest.default.svc.cluster.local:80,openai,39,3.2980036717240773,2026-02-17 03:55:54.001000,amd/DeepSeek-R1-MXFP4,39,39,10000.0,2026-02-16,19.021305821370333,1.0,0,17.416237969882786,16.992811305717574,17.630220547371717,1.1929359480765567,1.3579145062549458,deepseek_r1_mxfp4_vllm_20260216,39936,17.627374217972953,3420.9096461522563,6935.592578452396,,32.692450975999236,,,16.99281108044136,18280.85343370447,1221.566410830394,1878.0,243.61040099756792,amd/DeepSeek-R1-MXFP4
doks-1.34.1-rocm-7.0.2-mi350x8-vllm-latest-0.15.1,40920,2526.754330698333,openai,http://mi350-vllm-latest.default.svc.cluster.local:80,openai,40,3.2834314957901887,2026-02-17 03:56:50.842000,amd/DeepSeek-R1-MXFP4,40,40,10000.0,2026-02-16,18.78563524864148,1.0,0,17.164212476927787,16.760774945554836,17.44947447747464,1.2343694825101774,1.364028668753141,deepseek_r1_mxfp4_vllm_20260216,40960,17.4420755904203,3776.0586441188934,7121.916067789786,,32.40520813805051,,,16.760774706311675,18041.85992642073,1263.9943500904217,1888.0,261.36621949262917,amd/DeepSeek-R1-MXFP4
doks-1.34.1-rocm-7.0.2-mi350x8-vllm-latest-0.15.1,41943,2469.222674116602,openai,http://mi350-vllm-latest.default.svc.cluster.local:80,openai,41,2.1178931039660878,2026-02-17 03:57:49.530000,amd/DeepSeek-R1-MXFP4,41,41,10000.0,2026-02-16,19.39430772326887,1.0,0,17.65869202790782,17.245309683785425,17.96111295012009,1.206264130003225,1.1715166209199317,deepseek_r1_mxfp4_vllm_20260216,41984,17.849922147572663,4262.03236439714,7573.98301372641,,33.989239156013355,,,17.245309423519757,18655.46418922022,1235.2144691233025,1856.0,278.2473670085892,amd/DeepSeek-R1-MXFP4
doks-1.34.1-rocm-7.0.2-mi350x8-vllm-latest-0.15.1,42966,2559.0401595139465,openai,http://mi350-vllm-latest.default.svc.cluster.local:80,openai,42,5.615221342413874,2026-02-17 03:58:47.738000,amd/DeepSeek-R1-MXFP4,42,42,10000.0,2026-02-16,18.699289145297364,1.0,0,17.08934796624817,16.916770655012794,17.517050585663082,1.250141748663384,0.9968760845319058,deepseek_r1_mxfp4_vllm_20260216,43008,17.405157108513052,4454.296272027672,7617.318797057298,,33.59619022795232,,,16.9167704430275,18137.402575414744,1280.1451506313051,1888.0,263.04944601724856,amd/DeepSeek-R1-MXFP4
doks-1.34.1-rocm-7.0.2-mi350x8-vllm-latest-0.15.1,43989,2587.965761774411,openai,http://mi350-vllm-latest.default.svc.cluster.local:80,openai,43,5.1841158767227675,2026-02-17 03:59:46.316000,amd/DeepSeek-R1-MXFP4,43,43,10000.0,2026-02-16,19.314748214092113,1.0,0,17.629523994401097,17.23826638396156,18.05192541563997,1.264272477662145,1.3243336552354095,deepseek_r1_mxfp4_vllm_20260216,44032,17.95615338905189,4919.346143326419,8054.330077255159,,34.01165552501334,,,17.238266176976282,18684.05032593175,1294.6150171260365,1856.0,262.7600439591333,amd/DeepSeek-R1-MXFP4
doks-1.34.1-rocm-7.0.2-mi350x8-vllm-latest-0.15.1,45012,2701.6736895490885,openai,http://mi350-vllm-latest.default.svc.cluster.local:80,openai,44,5.189828054009235,2026-02-17 04:00:44.041000,amd/DeepSeek-R1-MXFP4,44,44,10000.0,2026-02-16,18.729837143910114,1.0,0,16.97664099629037,16.744915929483266,17.464752851379192,1.3198210500972587,1.108382718311784,deepseek_r1_mxfp4_vllm_20260216,45056,17.367818010281336,5053.454693016564,7939.232414060692,,33.33785288297804,,,16.744915657824244,18082.417654294986,1351.496755299593,1920.0,262.41387298796326,amd/DeepSeek-R1-MXFP4
doks-1.34.1-rocm-7.0.2-mi350x8-vllm-latest-0.15.1,46035,2673.10698510256,openai,http://mi350-vllm-latest.default.svc.cluster.local:80,openai,45,5.207146221833815,2026-02-17 04:01:43.158000,amd/DeepSeek-R1-MXFP4,45,45,10000.0,2026-02-16,19.431993549223986,1.0,0,17.88128900807351,17.351208696318302,18.294265451665805,1.3058656497814167,1.417236639195315,deepseek_r1_mxfp4_vllm_20260216,46080,18.191317078201802,5604.76752935469,8482.619695732958,,34.459900225978345,,,17.351208104226203,18967.62864275137,1337.2064253761707,1824.0,264.9230809765868,amd/DeepSeek-R1-MXFP4
doks-1.34.1-rocm-7.0.2-mi350x8-vllm-latest-0.15.1,47058,2719.79920477617,openai,http://mi350-vllm-latest.default.svc.cluster.local:80,openai,46,3.4750615222223344,2026-02-17 04:02:42.415000,amd/DeepSeek-R1-MXFP4,46,46,10000.0,2026-02-16,19.424774320214055,1.0,0,17.789781995816156,17.318260684959156,18.1735491155885,1.3286757228999364,1.2745183248893681,deepseek_r1_mxfp4_vllm_20260216,47104,18.15566711337374,5865.251445373439,8557.085302261768,,34.62093813199317,,,17.318260484887485,18894.876307150116,1360.5639402495349,1824.0,278.1634740240406,amd/DeepSeek-R1-MXFP4
doks-1.34.1-rocm-7.0.2-mi350x8-vllm-latest-0.15.1,48081,2857.9135741726277,openai,http://mi350-vllm-latest.default.svc.cluster.local:80,openai,47,2.2222107030463287,2026-02-17 04:03:40.875000,amd/DeepSeek-R1-MXFP4,47,47,10000.0,2026-02-16,18.625693989451964,1.0,0,17.143054981715977,16.71960509529651,17.570340359901675,1.396147324949989,1.0979461801974317,deepseek_r1_mxfp4_vllm_20260216,48128,17.44388955715135,5949.169640045395,8353.6576023904,,33.66406908503268,,,16.719604898772264,18233.789754363243,1429.6548607487887,1888.0,276.35519398609176,amd/DeepSeek-R1-MXFP4
doks-1.34.1-rocm-7.0.2-mi350x8-vllm-latest-0.15.1,49104,2939.2770408985552,openai,http://mi350-vllm-latest.default.svc.cluster.local:80,openai,48,2.9926108004846053,2026-02-17 04:04:39.833000,amd/DeepSeek-R1-MXFP4,48,48,10000.0,2026-02-16,18.906155793229118,1.0,0,16.877747984835878,16.592985655406913,17.421989166423614,1.4358949882259673,1.1061813583673141,deepseek_r1_mxfp4_vllm_20260216,49152,17.36803496920937,6122.658140672381,8389.873407166791,,33.428628411958925,,,16.592985446292477,18049.496509243036,1470.3564679433905,1920.0,270.0510210124776,amd/DeepSeek-R1-MXFP4
doks-1.34.1-rocm-7.0.2-mi350x8-vllm-latest-0.15.1,50127,2814.3174315013466,openai,http://mi350-vllm-latest.default.svc.cluster.local:80,openai,49,1.9680309802231162,2026-02-17 04:05:40.164000,amd/DeepSeek-R1-MXFP4,49,49,10000.0,2026-02-16,18.807997379917648,1.0,0,17.274857964366674,17.30604352436746,17.546385905128663,1.3748497467031493,0.1947633105468957,deepseek_r1_mxfp4_vllm_20260216,50176,17.41531182107591,6456.512105083379,8522.314451415963,,35.640258230036125,,,17.30604234261155,18226.037821159698,1407.8461406240249,1888.0,291.33812099462375,amd/DeepSeek-R1-MXFP4
doks-1.34.1-rocm-7.0.2-mi350x8-vllm-latest-0.15.1,51150,2777.2823955009108,openai,http://mi350-vllm-latest.default.svc.cluster.local:80,openai,50,21.45238974980522,2026-02-17 04:06:41.770000,amd/DeepSeek-R1-MXFP4,50,50,10000.0,2026-02-16,19.18216941354331,1.0,0,17.36966401222162,17.84875904048774,18.568278207006784,1.3567573988768495,0.632321816123046,deepseek_r1_mxfp4_vllm_20260216,51200,17.65926061336949,7051.1962982220575,9124.728388584212,,36.85257220000494,,,17.848758841285534,19387.84805691801,1389.319576449894,1856.0,281.1627794872038,amd/DeepSeek-R1-MXFP4
doks-1.34.1-rocm-7.0.2-mi350x8-vllm-latest-0.15.1,52173,2912.75336996516,openai,http://mi350-vllm-latest.default.svc.cluster.local:80,openai,51,3.206308538324358,2026-02-17 04:07:42.635000,amd/DeepSeek-R1-MXFP4,51,51,10000.0,2026-02-16,19.146158639341593,1.0,0,17.3811040003784,17.46358988220604,17.819141748800323,1.4229376502028137,0.4351975788978252,deepseek_r1_mxfp4_vllm_20260216,52224,17.788550267856337,7022.674948231582,8827.51690532731,,35.84134553803597,,,17.463589633341034,18612.027054012287,1457.0881538076812,1880.0,295.8423310192302,amd/DeepSeek-R1-MXFP4
doks-1.34.1-rocm-7.0.2-mi350x8-vllm-latest-0.15.1,53196,2955.677468713074,openai,http://mi350-vllm-latest.default.svc.cluster.local:80,openai,52,2.970127563454883,2026-02-17 04:08:42.838000,amd/DeepSeek-R1-MXFP4,52,52,10000.0,2026-02-16,19.137654526275586,1.0,0,17.49895201646723,17.54918358961094,17.941716283748477,1.4439069216966656,0.47501899167283484,deepseek_r1_mxfp4_vllm_20260216,53248,17.91654736606904,7288.858394497835,8955.746170483608,,36.013401707983576,,,17.549183390892328,18717.995124803274,1478.5606878173855,1824.0,274.40721850143746,amd/DeepSeek-R1-MXFP4
doks-1.34.1-rocm-7.0.2-mi350x8-vllm-latest-0.15.1,54219,2992.7570172470314,openai,http://mi350-vllm-latest.default.svc.cluster.local:80,openai,53,2.3463638881922946,2026-02-17 04:09:42.817000,amd/DeepSeek-R1-MXFP4,53,53,10000.0,2026-02-16,19.645720801781863,1.0,0,17.624235013499856,17.602242750934344,18.157764220781413,1.462021014776273,0.5682369718344854,deepseek_r1_mxfp4_vllm_20260216,54272,18.046857156385215,7648.929167891422,9126.218846935883,,36.25118891202146,,,17.60224251410789,18978.395152746234,1497.1095191309037,1824.0,291.2662500166334,amd/DeepSeek-R1-MXFP4
doks-1.34.1-rocm-7.0.2-mi350x8-vllm-latest-0.15.1,55242,3133.4626568310623,openai,http://mi350-vllm-latest.default.svc.cluster.local:80,openai,54,2.195200910021864,2026-02-17 04:10:42.843000,amd/DeepSeek-R1-MXFP4,54,54,10000.0,2026-02-16,18.51457535813097,1.0,0,17.081803496694192,17.09872484383119,17.249225592637277,1.530758503581369,0.09814882314918179,deepseek_r1_mxfp4_vllm_20260216,55296,17.126052282967507,7388.245829482373,8655.351689203082,,35.27662911795778,,,17.098724636763134,17916.287363764714,1567.4967076673217,1920.0,282.94497399474494,amd/DeepSeek-R1-MXFP4
doks-1.34.1-rocm-7.0.2-mi350x8-vllm-latest-0.15.1,56265,3094.9421232416726,openai,http://mi350-vllm-latest.default.svc.cluster.local:80,openai,55,3.461921493526999,2026-02-17 04:11:43.399000,amd/DeepSeek-R1-MXFP4,55,55,10000.0,2026-02-16,18.94245702191256,1.0,0,17.50146603444591,17.570493302081697,17.71592686997676,1.5119404607922193,0.10706389472092982,deepseek_r1_mxfp4_vllm_20260216,56320,17.55786266083213,7809.022033710922,8965.787064505075,,36.377093824965414,,,17.564872017899614,18556.218005031114,1548.2270318512326,1856.0,264.503576036077,amd/DeepSeek-R1-MXFP4
doks-1.34.1-rocm-7.0.2-mi350x8-vllm-latest-0.15.1,57288,3250.04530372478,openai,http://mi350-vllm-latest.default.svc.cluster.local:80,openai,56,3.692636931600479,2026-02-17 04:12:43.206000,amd/DeepSeek-R1-MXFP4,56,56,10000.0,2026-02-16,18.839964377111755,1.0,0,16.949470998952165,17.06449956544437,17.3321757900992,1.5877114331825988,0.28658405663095754,deepseek_r1_mxfp4_vllm_20260216,57344,17.2947544267072,7886.251258587955,8842.772111041251,,35.27089295297628,,,17.064499409234305,18211.873235891107,1625.8165075789811,1916.0,288.4208624891471,amd/DeepSeek-R1-MXFP4
doks-1.34.1-rocm-7.0.2-mi350x8-vllm-latest-0.15.1,58311,3240.254828165309,openai,http://mi350-vllm-latest.default.svc.cluster.local:80,openai,57,3.09398403693208,2026-02-17 04:13:44.221000,amd/DeepSeek-R1-MXFP4,57,57,10000.0,2026-02-16,18.89180780272,1.0,0,17.346735985483974,17.384129594724463,17.609328594302735,1.5829285921667362,0.11028922579569674,deepseek_r1_mxfp4_vllm_20260216,58368,17.390773450636658,8064.43951724571,8864.810742832946,,36.00920488900738,,,17.38412882082341,18200.25094534736,1620.9188783787379,1920.0,289.8771010222845,amd/DeepSeek-R1-MXFP4
doks-1.34.1-rocm-7.0.2-mi350x8-vllm-latest-0.15.1,59334,3147.484610808309,openai,http://mi350-vllm-latest.default.svc.cluster.local:80,openai,58,21.655801178196832,2026-02-17 04:14:46.533000,amd/DeepSeek-R1-MXFP4,58,58,10000.0,2026-02-16,19.071293215965852,1.0,0,17.511015990749,17.916375558731556,19.139319541161395,1.5376085055243327,0.5503731118353138,deepseek_r1_mxfp4_vllm_20260216,59392,17.792988544959762,8768.600078858637,9489.383736053385,,37.72091516898945,,,17.91637536322959,19709.57142770232,1574.5111096569167,1882.0,308.62094400799833,amd/DeepSeek-R1-MXFP4
doks-1.34.1-rocm-7.0.2-mi350x8-vllm-latest-0.15.1,60357,3300.1239102283776,openai,http://mi350-vllm-latest.default.svc.cluster.local:80,openai,59,3.0945544699131675,2026-02-17 04:15:47.980000,amd/DeepSeek-R1-MXFP4,59,59,10000.0,2026-02-16,19.274546841625124,1.0,0,17.609784961678088,17.647735844011933,17.924974596350683,1.6121758232674048,0.1459508970317669,deepseek_r1_mxfp4_vllm_20260216,60416,17.628348791798377,8542.917628880092,9017.404754000585,,36.59650464204606,,,17.647735595228358,18462.316935650306,1650.8680430258225,1856.0,320.0479180086404,amd/DeepSeek-R1-MXFP4
doks-1.34.1-rocm-7.0.2-mi350x8-vllm-latest-0.15.1,61380,3359.716444620895,openai,http://mi350-vllm-latest.default.svc.cluster.local:80,openai,60,3.7965380684213708,2026-02-17 04:16:49.908000,amd/DeepSeek-R1-MXFP4,60,60,10000.0,2026-02-16,19.082232505315915,1.0,0,17.533613019622862,17.62086563913039,17.983406600637956,1.6412879553594992,0.1914062690662873,deepseek_r1_mxfp4_vllm_20260216,61440,17.468810287399357,8661.44967211876,9002.296013237616,,36.55665649898583,,,17.620865439584705,18400.600087178755,1680.6788662881272,1888.0,301.40322298393585,amd/DeepSeek-R1-MXFP4
