base_url,std_tpot_ms,model_id,p99_tpot_ms,num_prompts,date,max_concurrent_requests,total_input_tokens,mean_ttft_ms,median_tpot_ms,std_ttft_ms,endpoint_type,failed,others,label,duration,median_ttft_ms,p99_ttft_ms,tokenizer_id,p99_itl_ms,std_itl_ms,mean_itl_ms,total_output_tokens,mean_tpot_ms,request_rate,output_throughput,request_throughput,max_output_tokens_per_s,burstiness,task_id,max_concurrency,backend,total_token_throughput,median_itl_ms,request_goodput,timestamp,completed
http://mi325-vllm-0111.default.svc.cluster.local:80,0.0,Qwen/Qwen3-235B-A22B-Instruct-2507-FP8,18.105002116324982,1,2026-02-17,1,1024,40.84758396493271,18.105002116324982,0.0,openai,0,doks-1.34.1-rocm-7.0.2-mi325x8-vllm,,18.564358650997747,40.84758396493271,40.84758396493271,Qwen/Qwen3-235B-A22B-Instruct-2507-FP8,18.583104209974408,0.18454969869459795,18.10500449658019,1024,18.105002116324982,10000.0,55.159460084281704,0.05386666023855635,56.0,1.0,Qwen3-235B-A22B-Instruct-2507-FP8_vllm_20260217,,openai,110.31892016856341,18.10393395135179,,2026-02-17 22:01:23.784000,1
http://mi325-vllm-0111.default.svc.cluster.local:80,0.03466906500201872,Qwen/Qwen3-235B-A22B-Instruct-2507-FP8,19.28425230103204,2,2026-02-17,2,2048,86.32397500332445,19.250276617330062,43.996958003845066,openai,0,doks-1.34.1-rocm-7.0.2-mi325x8-vllm,,19.790137053001672,86.32397500332445,129.4409938470926,Qwen/Qwen3-235B-A22B-Instruct-2507-FP8,19.77055048919283,1.5393676815997621,19.25027844381591,2048,19.250276617330062,10000.0,103.48589272095866,0.10106044211031119,106.0,1.0,Qwen3-235B-A22B-Instruct-2507-FP8_vllm_20260217,,openai,206.97178544191732,19.211427483242005,,2026-02-17 22:02:14.156000,2
http://mi325-vllm-0111.default.svc.cluster.local:80,0.03456989149307186,Qwen/Qwen3-235B-A22B-Instruct-2507-FP8,21.28421027650205,3,2026-02-17,3,3072,103.93933297988649,21.212434656915775,43.823625453677764,openai,0,doks-1.34.1-rocm-7.0.2-mi325x8-vllm,,21.83832961699227,134.23720799619332,135.58483536704443,Qwen/Qwen3-235B-A22B-Instruct-2507-FP8,21.86551924562082,1.3322738052032022,21.23678731898974,3072,21.236785994134827,10000.0,140.67009949376788,0.1373731440368827,144.0,1.0,Qwen3-235B-A22B-Instruct-2507-FP8_vllm_20260217,,openai,281.34019898753576,21.211527986451983,,2026-02-17 22:03:06.849000,3
http://mi325-vllm-0111.default.svc.cluster.local:80,0.032914788178128755,Qwen/Qwen3-235B-A22B-Instruct-2507-FP8,20.363246262692467,4,2026-02-17,4,4096,115.97216274822131,20.28966003226982,41.99211312974661,openai,0,doks-1.34.1-rocm-7.0.2-mi325x8-vllm,,20.899774689984042,139.84193149372004,140.92914568143897,Qwen/Qwen3-235B-A22B-Instruct-2507-FP8,20.834904699004255,1.2461873147208478,20.30851097874726,4096,20.308509957737662,10000.0,195.98297401564608,0.19138962306215437,200.0,1.0,Qwen3-235B-A22B-Instruct-2507-FP8_vllm_20260217,,openai,391.96594803129216,20.282325480366126,,2026-02-17 22:03:58.068000,4
http://mi325-vllm-0111.default.svc.cluster.local:80,0.031046747176110535,Qwen/Qwen3-235B-A22B-Instruct-2507-FP8,22.147024725047185,5,2026-02-17,5,5120,122.23091538762674,22.072565691140028,39.61428182115377,openai,0,doks-1.34.1-rocm-7.0.2-mi325x8-vllm,,22.725662859971635,141.4411619771272,143.3394176652655,Qwen/Qwen3-235B-A22B-Instruct-2507-FP8,22.791012144880366,1.128012877576792,22.088023448303318,5120,22.08802280608448,10000.0,225.29595865026357,0.22001558461939802,230.0,1.0,Qwen3-235B-A22B-Instruct-2507-FP8_vllm_20260217,,openai,450.59191730052714,22.060784976929426,,2026-02-17 22:04:51.376000,5
http://mi325-vllm-0111.default.svc.cluster.local:80,0.031373412993111215,Qwen/Qwen3-235B-A22B-Instruct-2507-FP8,21.425682377419093,6,2026-02-17,6,6144,133.12150449686064,21.345825270786726,39.54558508190007,openai,0,doks-1.34.1-rocm-7.0.2-mi325x8-vllm,,21.991111940995324,150.40538198081776,152.44194453407545,Qwen/Qwen3-235B-A22B-Instruct-2507-FP8,22.27367786865216,1.1335730138772115,21.359712976547193,6144,21.359711660815083,10000.0,279.385599804369,0.2728374998089541,282.0,1.0,Qwen3-235B-A22B-Instruct-2507-FP8_vllm_20260217,,openai,558.771199608738,21.331184019800276,,2026-02-17 22:05:42.864000,6
http://mi325-vllm-0111.default.svc.cluster.local:80,0.031185176530706044,Qwen/Qwen3-235B-A22B-Instruct-2507-FP8,21.13775633419008,7,2026-02-17,7,7168,140.9410329984634,21.054129722382044,38.87018268908515,openai,0,doks-1.34.1-rocm-7.0.2-mi325x8-vllm,,21.699005268979818,156.24169103102759,158.9107054285705,Qwen/Qwen3-235B-A22B-Instruct-2507-FP8,21.85688498429954,1.1213449018352075,21.066690079732645,7168,21.06668953679441,10000.0,330.33772337237673,0.32259543298083665,336.0,1.0,Qwen3-235B-A22B-Instruct-2507-FP8_vllm_20260217,,openai,660.6754467447535,21.03879500646144,,2026-02-17 22:06:34.408000,7
http://mi325-vllm-0111.default.svc.cluster.local:80,0.030751033837989692,Qwen/Qwen3-235B-A22B-Instruct-2507-FP8,21.061638353793846,8,2026-02-17,8,8192,146.55458136257948,20.97527476391534,37.94365562459677,openai,0,doks-1.34.1-rocm-7.0.2-mi325x8-vllm,,21.623483674018644,161.40103098587133,162.32462923158891,Qwen/Qwen3-235B-A22B-Instruct-2507-FP8,21.741538005298935,1.1216578254352603,20.986723452332217,8192,20.98672269195553,10000.0,378.8473736932115,0.3699681383722769,384.0,1.0,Qwen3-235B-A22B-Instruct-2507-FP8_vllm_20260217,,openai,757.694747386423,20.96975047606975,,2026-02-17 22:07:26.536000,8
http://mi325-vllm-0111.default.svc.cluster.local:80,0.0300797585708652,Qwen/Qwen3-235B-A22B-Instruct-2507-FP8,21.058708926610908,9,2026-02-17,9,9216,148.90771032595592,20.970693565980202,36.8787542766355,openai,0,doks-1.34.1-rocm-7.0.2-mi325x8-vllm,,21.619372145971283,161.68107296107337,163.41874854872003,Qwen/Qwen3-235B-A22B-Instruct-2507-FP8,21.87881073448807,1.090236896758554,20.98124319638123,9216,20.981242560560368,10000.0,426.28434987726405,0.4162933104270157,432.0,1.0,Qwen3-235B-A22B-Instruct-2507-FP8_vllm_20260217,,openai,852.5686997545281,20.964944968000054,,2026-02-17 22:08:19.021000,9
http://mi325-vllm-0111.default.svc.cluster.local:80,0.030360336925941735,Qwen/Qwen3-235B-A22B-Instruct-2507-FP8,21.39940738661307,10,2026-02-17,10,10240,155.63417409430258,21.307487173987102,36.660754965065486,openai,0,doks-1.34.1-rocm-7.0.2-mi325x8-vllm,,21.970064432010986,167.3660794913303,171.51877621130552,Qwen/Qwen3-235B-A22B-Instruct-2507-FP8,22.185920611955225,1.0875774344266556,21.317337115043966,10240,21.31733647155628,10000.0,466.0887559838031,0.4551648007654327,470.0,1.0,Qwen3-235B-A22B-Instruct-2507-FP8_vllm_20260217,,openai,932.1775119676062,21.30027997191064,,2026-02-17 22:09:10.709000,10
http://mi325-vllm-0111.default.svc.cluster.local:80,0.030880531627805338,Qwen/Qwen3-235B-A22B-Instruct-2507-FP8,21.204014264221485,11,2026-02-17,11,11264,164.02625080875373,21.10731630210099,36.82870808983476,openai,0,doks-1.34.1-rocm-7.0.2-mi325x8-vllm,,21.774203868000768,175.34512595739216,178.57416960177943,Qwen/Qwen3-235B-A22B-Instruct-2507-FP8,21.989957625046372,1.114373102349593,21.117008041931143,11264,21.11700743038086,10000.0,517.3093844571513,0.5051849457589368,528.0,1.0,Qwen3-235B-A22B-Instruct-2507-FP8_vllm_20260217,,openai,1034.6187689143026,21.104390965774655,,2026-02-17 22:10:02.730000,11
http://mi325-vllm-0111.default.svc.cluster.local:80,0.03140446805830321,Qwen/Qwen3-235B-A22B-Instruct-2507-FP8,21.771006792750622,12,2026-02-17,12,12288,171.9933955852563,21.669922507835054,37.05595247813554,openai,0,doks-1.34.1-rocm-7.0.2-mi325x8-vllm,,22.358479509013705,182.7603570127394,186.3047364144586,Qwen/Qwen3-235B-A22B-Instruct-2507-FP8,23.172275235992856,1.1939484616146434,21.679214841478544,12288,21.679214241530918,10000.0,549.590145208495,0.5367091261801709,564.0,1.0,Qwen3-235B-A22B-Instruct-2507-FP8_vllm_20260217,,openai,1099.18029041699,21.57342099235393,,2026-02-17 22:10:55.045000,12
http://mi325-vllm-0111.default.svc.cluster.local:80,0.0300440953291984,Qwen/Qwen3-235B-A22B-Instruct-2507-FP8,21.57885804148081,13,2026-02-17,13,13312,173.1473090700232,21.479433485833002,35.84139631306798,openai,0,doks-1.34.1-rocm-7.0.2-mi325x8-vllm,,22.163431637978647,183.1267349771224,187.3314497456886,Qwen/Qwen3-235B-A22B-Instruct-2507-FP8,22.453705021180212,1.0854784615343607,21.488131413924688,13312,21.488130973307708,10000.0,600.6290098681706,0.5865517674493853,611.0,1.0,Qwen3-235B-A22B-Instruct-2507-FP8_vllm_20260217,,openai,1201.258019736341,21.475499030202627,,2026-02-17 22:11:47.508000,13
http://mi325-vllm-0111.default.svc.cluster.local:80,0.030290454942065073,Qwen/Qwen3-235B-A22B-Instruct-2507-FP8,21.520600440129133,14,2026-02-17,14,14336,180.7947226459094,21.418261095804763,35.407954550488995,openai,0,doks-1.34.1-rocm-7.0.2-mi325x8-vllm,,22.109168708033394,189.45237799198367,195.0122413202189,Qwen/Qwen3-235B-A22B-Instruct-2507-FP8,22.90165238373447,1.1420257005044907,21.426585343666343,14336,21.42658287990375,10000.0,648.4187709323959,0.6332214559886679,672.0,1.0,Qwen3-235B-A22B-Instruct-2507-FP8_vllm_20260217,,openai,1296.8375418647918,21.36801852611825,,2026-02-17 22:12:40.570000,14
http://mi325-vllm-0111.default.svc.cluster.local:80,0.02957695249587769,Qwen/Qwen3-235B-A22B-Instruct-2507-FP8,21.483278808432956,15,2026-02-17,15,15360,178.1457070688096,21.38127713591199,34.91035746939061,openai,0,doks-1.34.1-rocm-7.0.2-mi325x8-vllm,,22.067184589977842,187.76382401119918,192.2744525060989,Qwen/Qwen3-235B-A22B-Instruct-2507-FP8,22.841250183992084,1.2161538542435582,21.389093361357205,15360,21.38909289455794,10000.0,696.0561705264379,0.6797423540297245,705.0,1.0,Qwen3-235B-A22B-Instruct-2507-FP8_vllm_20260217,,openai,1392.1123410528758,21.358820027671754,,2026-02-17 22:13:32.870000,15
http://mi325-vllm-0111.default.svc.cluster.local:80,0.030592419924334098,Qwen/Qwen3-235B-A22B-Instruct-2507-FP8,20.857058733779432,16,2026-02-17,16,16384,184.69196175283287,20.74953156451372,35.53885194773921,openai,0,doks-1.34.1-rocm-7.0.2-mi325x8-vllm,,21.428389785985928,194.03756048996001,198.3752963365987,Qwen/Qwen3-235B-A22B-Instruct-2507-FP8,21.945685109240003,1.1215551786171312,20.757394588596597,16384,20.757394255808663,10000.0,764.5931478582243,0.7466729959552971,784.0,1.0,Qwen3-235B-A22B-Instruct-2507-FP8_vllm_20260217,,openai,1529.1862957164485,20.750450988998637,,2026-02-17 22:14:24.241000,16
http://mi325-vllm-0111.default.svc.cluster.local:80,0.03199737695490625,Qwen/Qwen3-235B-A22B-Instruct-2507-FP8,23.492429197851465,17,2026-02-17,17,17408,192.96113941613035,23.377870200354355,36.80070082057544,openai,0,doks-1.34.1-rocm-7.0.2-mi325x8-vllm,,24.12588320299983,203.80926795769483,207.4842619919218,Qwen/Qwen3-235B-A22B-Instruct-2507-FP8,24.55191831104457,1.1606343857951804,23.385967421249553,17408,23.38596691822572,10000.0,721.5487140315541,0.7046374160464396,731.0,1.0,Qwen3-235B-A22B-Instruct-2507-FP8_vllm_20260217,,openai,1443.0974280631083,23.381501028779894,,2026-02-17 22:15:17.971000,17
http://mi325-vllm-0111.default.svc.cluster.local:80,0.0306299301753648,Qwen/Qwen3-235B-A22B-Instruct-2507-FP8,23.180228606866034,18,2026-02-17,18,18432,196.79025362064647,23.069087906658897,36.22850049844477,openai,0,doks-1.34.1-rocm-7.0.2-mi325x8-vllm,,23.813681921979878,206.60492352908477,211.33750435488764,Qwen/Qwen3-235B-A22B-Instruct-2507-FP8,24.313896817038767,1.1433110055960776,23.076465203320772,18432,23.07646476636818,10000.0,774.008826538805,0.7558679946668018,792.0,1.0,Qwen3-235B-A22B-Instruct-2507-FP8_vllm_20260217,,openai,1548.01765307761,23.058902501361445,,2026-02-17 22:16:12.483000,18
http://mi325-vllm-0111.default.svc.cluster.local:80,0.05799938607034925,Qwen/Qwen3-235B-A22B-Instruct-2507-FP8,23.377285455451425,19,2026-02-17,19,19456,167.6023822020445,23.240187918830603,68.24157029150355,openai,0,doks-1.34.1-rocm-7.0.2-mi325x8-vllm,,24.017656820011325,226.2744670151733,236.8004464544356,Qwen/Qwen3-235B-A22B-Instruct-2507-FP8,24.591000736691058,2.4849633928317516,23.293631312079143,19456,23.293631036277784,10000.0,810.0706969794577,0.7910846650190017,836.0,1.0,Qwen3-235B-A22B-Instruct-2507-FP8_vllm_20260217,,openai,1620.1413939589154,23.248895013239235,,2026-02-17 22:17:06.737000,19
http://mi325-vllm-0111.default.svc.cluster.local:80,0.04772741026216497,Qwen/Qwen3-235B-A22B-Instruct-2507-FP8,23.076028652029557,20,2026-02-17,20,20480,165.73512149916496,23.023846640762756,56.847328732133235,openai,0,doks-1.34.1-rocm-7.0.2-mi325x8-vllm,,23.71415994997369,133.287790522445,241.188120249426,Qwen/Qwen3-235B-A22B-Instruct-2507-FP8,24.376622613635845,2.392772130673088,22.99598085068183,20480,22.995980426095915,10000.0,863.6190378745725,0.8433779666743872,880.0,1.0,Qwen3-235B-A22B-Instruct-2507-FP8_vllm_20260217,,openai,1727.238075749145,22.928233520360664,,2026-02-17 22:18:01.650000,20
http://mi325-vllm-0111.default.svc.cluster.local:80,0.04574224143307613,Qwen/Qwen3-235B-A22B-Instruct-2507-FP8,23.489289051811696,21,2026-02-17,21,21504,168.72637175921616,23.432335641245583,52.83573020247815,openai,0,doks-1.34.1-rocm-7.0.2-mi325x8-vllm,,24.14552136696875,145.60616097878665,251.64456279017034,Qwen/Qwen3-235B-A22B-Instruct-2507-FP8,24.659727115649734,2.469686468524474,23.41072996341268,21504,23.41072955201677,10000.0,890.599944941244,0.8697265087316836,924.0,1.0,Qwen3-235B-A22B-Instruct-2507-FP8_vllm_20260217,,openai,1781.199889882488,23.324473993852735,,2026-02-17 22:18:55.824000,21
http://mi325-vllm-0111.default.svc.cluster.local:80,0.0605196343015461,Qwen/Qwen3-235B-A22B-Instruct-2507-FP8,23.266223230124826,22,2026-02-17,22,22528,201.76019489934498,23.11582777026462,70.34737934259735,openai,0,doks-1.34.1-rocm-7.0.2-mi325x8-vllm,,23.90370184602216,240.48589600715786,252.35056861129124,Qwen/Qwen3-235B-A22B-Instruct-2507-FP8,24.441994543303736,2.2696888584218033,23.151517339778106,22528,23.151516872660718,10000.0,942.4481674477089,0.9203595385231532,968.0,1.0,Qwen3-235B-A22B-Instruct-2507-FP8_vllm_20260217,,openai,1884.8963348954178,23.11690797796473,,2026-02-17 22:19:49.810000,22
http://mi325-vllm-0111.default.svc.cluster.local:80,0.06206760835452987,Qwen/Qwen3-235B-A22B-Instruct-2507-FP8,23.253700873084625,23,2026-02-17,23,23552,207.89405379100177,23.099135893455298,72.06472334665402,openai,0,doks-1.34.1-rocm-7.0.2-mi325x8-vllm,,23.893367631011643,246.87477300176397,260.1551168342121,Qwen/Qwen3-235B-A22B-Instruct-2507-FP8,24.41852532327175,2.301801438096996,23.134911727868673,23552,23.134911296101862,10000.0,985.7128707730351,0.9626102253642921,1012.0,1.0,Qwen3-235B-A22B-Instruct-2507-FP8_vllm_20260217,,openai,1971.4257415460702,23.091762035619467,,2026-02-17 22:20:44.193000,23
http://mi325-vllm-0111.default.svc.cluster.local:80,0.06571164902243111,Qwen/Qwen3-235B-A22B-Instruct-2507-FP8,22.661116165822488,24,2026-02-17,24,24576,193.73142021746995,22.498411123163113,75.76200549123185,openai,0,doks-1.34.1-rocm-7.0.2-mi325x8-vllm,,23.288856208033394,259.3137414951343,267.3665027070092,Qwen/Qwen3-235B-A22B-Instruct-2507-FP8,23.73170938459225,2.7587033562513152,22.556616576896225,24576,22.55661621488592,10000.0,1055.2686564109838,1.0305357972763514,1080.0,1.0,Qwen3-235B-A22B-Instruct-2507-FP8_vllm_20260217,,openai,2110.5373128219676,22.498254984384403,,2026-02-17 22:21:38.591000,24
http://mi325-vllm-0111.default.svc.cluster.local:80,0.06441495296819172,Qwen/Qwen3-235B-A22B-Instruct-2507-FP8,23.819428341930237,25,2026-02-17,25,25600,196.79048967547715,23.654914193537234,73.74482814249977,openai,0,doks-1.34.1-rocm-7.0.2-mi325x8-vllm,,24.47641492600087,263.5297299711965,270.2044661832042,Qwen/Qwen3-235B-A22B-Instruct-2507-FP8,24.958285408793017,2.7056465765982773,23.7137971678157,25600,23.713796867798735,10000.0,1045.904805805754,1.0213914119196816,1075.0,1.0,Qwen3-235B-A22B-Instruct-2507-FP8_vllm_20260217,,openai,2091.809611611508,23.644745000638068,,2026-02-17 22:22:33.130000,25
http://mi325-vllm-0111.default.svc.cluster.local:80,0.06330226090938533,Qwen/Qwen3-235B-A22B-Instruct-2507-FP8,23.519026806944698,26,2026-02-17,26,26624,195.0257489583097,23.413859608989185,72.32707961586556,openai,0,doks-1.34.1-rocm-7.0.2-mi325x8-vllm,,24.169726757972967,197.82023248262703,268.6155665141996,Qwen/Qwen3-235B-A22B-Instruct-2507-FP8,24.62947585096117,2.7062925083777887,23.415678413188726,26624,23.415678078988165,10000.0,1101.543276289519,1.0757258557514835,1118.0,1.0,Qwen3-235B-A22B-Instruct-2507-FP8_vllm_20260217,,openai,2203.086552579038,23.365864530205727,,2026-02-17 22:23:27.181000,26
http://mi325-vllm-0111.default.svc.cluster.local:80,0.06715700865653908,Qwen/Qwen3-235B-A22B-Instruct-2507-FP8,24.30250217614628,27,2026-02-17,27,27648,205.32371807860693,24.133691338256444,76.29314853201875,openai,0,doks-1.34.1-rocm-7.0.2-mi325x8-vllm,,24.974922430003062,267.91376498294994,277.3221923597157,Qwen/Qwen3-235B-A22B-Instruct-2507-FP8,25.74067381210625,2.7901645653317675,24.19024661475287,27648,24.190246201440754,10000.0,1107.0304653593516,1.0810844388274918,1134.0,1.0,Qwen3-235B-A22B-Instruct-2507-FP8_vllm_20260217,,openai,2214.0609307187033,24.111962993629277,,2026-02-17 22:24:22.711000,27
http://mi325-vllm-0111.default.svc.cluster.local:80,0.06436571593620845,Qwen/Qwen3-235B-A22B-Instruct-2507-FP8,23.422354522255294,28,2026-02-17,28,28672,261.74982175455494,23.249752336750237,75.96410644996186,openai,0,doks-1.34.1-rocm-7.0.2-mi325x8-vllm,,24.094234216958284,294.9196030094754,309.2395311081782,Qwen/Qwen3-235B-A22B-Instruct-2507-FP8,24.798799672862515,2.3172017365227884,23.278912191070642,28672,23.27891152796378,10000.0,1189.9942426815016,1.162103752618654,1232.0,1.0,Qwen3-235B-A22B-Instruct-2507-FP8_vllm_20260217,,openai,2379.9884853630033,23.23446050286293,,2026-02-17 22:25:17.215000,28
http://mi325-vllm-0111.default.svc.cluster.local:80,0.07132230131195838,Qwen/Qwen3-235B-A22B-Instruct-2507-FP8,23.31575213701629,29,2026-02-17,29,29696,218.14515858141962,23.141988527843637,81.05524427494875,openai,0,doks-1.34.1-rocm-7.0.2-mi325x8-vllm,,23.960217992949765,269.88645998062566,279.3812864157371,Qwen/Qwen3-235B-A22B-Instruct-2507-FP8,24.470503020565957,2.7195154794048855,23.18915181726909,29696,23.189151485924718,10000.0,1239.3877221291548,1.2103395723917527,1276.0,1.0,Qwen3-235B-A22B-Instruct-2507-FP8_vllm_20260217,,openai,2478.7754442583096,23.134640010539442,,2026-02-17 22:26:10.966000,29
http://mi325-vllm-0111.default.svc.cluster.local:80,0.04748867178309474,Qwen/Qwen3-235B-A22B-Instruct-2507-FP8,23.475939621781304,30,2026-02-17,30,30720,274.1036902007181,23.28294849217021,56.158805609144196,openai,0,doks-1.34.1-rocm-7.0.2-mi325x8-vllm,,24.11986118700588,287.7250509627629,299.1215749370167,Qwen/Qwen3-235B-A22B-Instruct-2507-FP8,24.770268500433303,1.6220497997744487,23.29576349074381,30720,23.29576315643003,10000.0,1273.639170715867,1.243788252652214,1320.0,1.0,Qwen3-235B-A22B-Instruct-2507-FP8_vllm_20260217,,openai,2547.278341431734,23.270671983482316,,2026-02-17 22:27:05.912000,30
http://mi325-vllm-0111.default.svc.cluster.local:80,0.06854919382287705,Qwen/Qwen3-235B-A22B-Instruct-2507-FP8,23.314393858196816,31,2026-02-17,31,31744,259.9834341615919,23.118417712626297,77.62966816127887,openai,0,doks-1.34.1-rocm-7.0.2-mi325x8-vllm,,23.958863286999986,291.67851503007114,306.6146088007372,Qwen/Qwen3-235B-A22B-Instruct-2507-FP8,24.479903411120176,2.4034487014975876,23.14752138018858,31744,23.147520871878747,10000.0,1324.9376491590153,1.293884423006851,1364.0,1.0,Qwen3-235B-A22B-Instruct-2507-FP8_vllm_20260217,,openai,2649.8752983180307,23.112527967896312,,2026-02-17 22:28:00.434000,31
http://mi325-vllm-0111.default.svc.cluster.local:80,0.08725808666758904,Qwen/Qwen3-235B-A22B-Instruct-2507-FP8,23.022285272529007,32,2026-02-17,32,32768,241.70977103131008,22.808185228259724,97.68352965853411,openai,0,doks-1.34.1-rocm-7.0.2-mi325x8-vllm,,23.667158476950135,319.2051990190521,326.2876805488486,Qwen/Qwen3-235B-A22B-Instruct-2507-FP8,24.32326666894369,3.565366618801799,22.878384402095293,32768,22.878383972721334,10000.0,1384.5346086609145,1.3520845787704243,1418.0,1.0,Qwen3-235B-A22B-Instruct-2507-FP8_vllm_20260217,,openai,2769.069217321829,22.81925396528095,,2026-02-17 22:28:54.002000,32
http://mi325-vllm-0111.default.svc.cluster.local:80,0.07049546133782963,Qwen/Qwen3-235B-A22B-Instruct-2507-FP8,24.786849294824187,33,2026-02-17,33,33792,271.2168474840423,24.580239429093535,79.80700841229174,openai,0,doks-1.34.1-rocm-7.0.2-mi325x8-vllm,,25.463108963973355,303.9156700251624,316.7314006248489,Qwen/Qwen3-235B-A22B-Instruct-2507-FP8,26.19459619745612,2.485358892505691,24.6086437969485,33792,24.60864329183725,10000.0,1327.096390617926,1.2959925689628184,1353.0,1.0,Qwen3-235B-A22B-Instruct-2507-FP8_vllm_20260217,,openai,2654.192781235852,24.56393901957199,,2026-02-17 22:29:50.622000,33
http://mi325-vllm-0111.default.svc.cluster.local:80,0.08579968949333149,Qwen/Qwen3-235B-A22B-Instruct-2507-FP8,24.833457632753213,34,2026-02-17,34,34816,251.13392626585934,24.6225169858461,95.9525996034588,openai,0,doks-1.34.1-rocm-7.0.2-mi325x8-vllm,,25.523306899005547,317.64569296501577,328.721876355703,Qwen/Qwen3-235B-A22B-Instruct-2507-FP8,26.307680419413373,3.3299438098807963,24.683744012221972,34816,24.683743635244443,10000.0,1364.0865636167437,1.3321157847819762,1394.0,1.0,Qwen3-235B-A22B-Instruct-2507-FP8_vllm_20260217,,openai,2728.1731272334873,24.599620985100046,,2026-02-17 22:30:46.607000,34
http://mi325-vllm-0111.default.svc.cluster.local:80,0.08006022849089012,Qwen/Qwen3-235B-A22B-Instruct-2507-FP8,24.645254955803868,35,2026-02-17,35,35840,269.3354406011557,24.446614464323417,89.86173754031462,openai,0,doks-1.34.1-rocm-7.0.2-mi325x8-vllm,,25.35430509201251,323.17935599712655,333.6515064991545,Qwen/Qwen3-235B-A22B-Instruct-2507-FP8,26.019821637310084,3.0283198998568444,24.495996795537142,35840,24.495996408827263,10000.0,1413.5666455828384,1.3804361773269906,1435.0,1.0,Qwen3-235B-A22B-Instruct-2507-FP8_vllm_20260217,,openai,2827.133291165677,24.446942028589547,,2026-02-17 22:31:42.685000,35
http://mi325-vllm-0111.default.svc.cluster.local:80,0.08043611190364278,Qwen/Qwen3-235B-A22B-Instruct-2507-FP8,24.50347590786637,36,2026-02-17,36,36864,255.87759161458555,24.298733581119933,89.51295300536992,openai,0,doks-1.34.1-rocm-7.0.2-mi325x8-vllm,,25.17961168801412,305.0046800344717,317.2684064164059,Qwen/Qwen3-235B-A22B-Instruct-2507-FP8,26.085525583475828,2.983013706006376,24.34410617340268,36864,24.34410586447439,10000.0,1464.041640385893,1.4297281644393487,1512.0,1.0,Qwen3-235B-A22B-Instruct-2507-FP8_vllm_20260217,,openai,2928.083280771786,24.274933472042903,,2026-02-17 22:32:38.667000,36
http://mi325-vllm-0111.default.svc.cluster.local:80,0.08390052726412217,Qwen/Qwen3-235B-A22B-Instruct-2507-FP8,24.72360986594442,37,2026-02-17,37,37888,257.02017865370254,24.514997545445386,92.76275267374692,openai,0,doks-1.34.1-rocm-7.0.2-mi325x8-vllm,,25.412160767009482,314.3878569826484,325.783906087745,Qwen/Qwen3-235B-A22B-Instruct-2507-FP8,26.20261351694353,3.169973615659805,24.567853668732063,37888,24.567853278222028,10000.0,1490.9397255658353,1.455995825747886,1530.0,1.0,Qwen3-235B-A22B-Instruct-2507-FP8_vllm_20260217,,openai,2981.8794511316705,24.48750799521804,,2026-02-17 22:33:34.231000,37
http://mi325-vllm-0111.default.svc.cluster.local:80,0.091765476364778,Qwen/Qwen3-235B-A22B-Instruct-2507-FP8,24.67042878563748,38,2026-02-17,38,38912,275.2580731099251,24.44061747311618,105.22815712046183,openai,0,doks-1.34.1-rocm-7.0.2-mi325x8-vllm,,25.37454664503457,350.45087747857906,360.02195310546085,Qwen/Qwen3-235B-A22B-Instruct-2507-FP8,26.290571098797955,3.430222028608762,24.507885400632823,38912,24.507885012270297,10000.0,1533.50523043195,1.4975637015937011,1558.0,1.0,Qwen3-235B-A22B-Instruct-2507-FP8_vllm_20260217,,openai,3067.0104608639,24.433443002635613,,2026-02-17 22:34:29.806000,38
http://mi325-vllm-0111.default.svc.cluster.local:80,0.08604676736796268,Qwen/Qwen3-235B-A22B-Instruct-2507-FP8,24.62832343098316,39,2026-02-17,39,39936,285.3443322834583,24.41597272533166,96.68602764329064,openai,0,doks-1.34.1-rocm-7.0.2-mi325x8-vllm,,25.340108635020442,343.2276750099845,352.2386358270887,Qwen/Qwen3-235B-A22B-Instruct-2507-FP8,26.21353959431872,3.267552097117618,24.46848439659606,39936,24.468484037394234,10000.0,1575.9995576659762,1.53906206803318,1627.0,1.0,Qwen3-235B-A22B-Instruct-2507-FP8_vllm_20260217,,openai,3151.9991153319525,24.420242989435792,,2026-02-17 22:35:25.798000,39
http://mi325-vllm-0111.default.svc.cluster.local:80,0.08911195377854828,Qwen/Qwen3-235B-A22B-Instruct-2507-FP8,24.760552326247225,40,2026-02-17,40,40960,285.44173137343023,24.542113371479726,99.70843567627514,openai,0,doks-1.34.1-rocm-7.0.2-mi325x8-vllm,,25.477441743016243,351.414262491744,359.4261346035637,Qwen/Qwen3-235B-A22B-Instruct-2507-FP8,26.364685798762363,3.4345503233669317,24.60285008213473,40960,24.602849828782045,10000.0,1607.6967386738413,1.5700163463611732,1640.0,1.0,Qwen3-235B-A22B-Instruct-2507-FP8_vllm_20260217,,openai,3215.3934773476826,24.534625001251698,,2026-02-17 22:36:21.300000,40
http://mi325-vllm-0151.default.svc.cluster.local:80,0.0,Qwen/Qwen3-235B-A22B-Instruct-2507-FP8,14.135125559164742,1,2026-02-17,1,1024,34.64323398657143,14.135125559164742,0.0,openai,0,doks-1.34.1-rocm-7.0.2-mi325x8-vllm,,14.496728722006083,34.64323398657143,34.64323398657143,Qwen/Qwen3-235B-A22B-Instruct-2507-FP8,14.583148771198466,0.20200154151636332,14.13512762562205,1024,14.135125559164742,10000.0,70.63662565786753,0.06898107974401126,71.0,1.0,Qwen3-235B-A22B-Instruct-2507-FP8_vllm_20260217,,openai,141.27325131573505,14.130866038613021,,2026-02-17 22:38:07.833000,1
http://mi325-vllm-0151.default.svc.cluster.local:80,0.031106975044507303,Qwen/Qwen3-235B-A22B-Instruct-2507-FP8,14.889121419610296,2,2026-02-17,2,2048,81.52173750568181,14.858636584066678,45.73007847648114,openai,0,doks-1.34.1-rocm-7.0.2-mi325x8-vllm,,15.298101946013048,81.52173750568181,126.33721441263332,Qwen/Qwen3-235B-A22B-Instruct-2507-FP8,15.306716447230428,1.4152474875174472,14.858639159343156,2048,14.858636584066678,10000.0,133.8728168518804,0.13073517270691445,136.0,1.0,Qwen3-235B-A22B-Instruct-2507-FP8_vllm_20260217,,openai,267.7456337037608,14.82620497699827,,2026-02-17 22:38:48.953000,2
http://mi325-vllm-0151.default.svc.cluster.local:80,0.0323132326115562,Qwen/Qwen3-235B-A22B-Instruct-2507-FP8,15.546499189728632,3,2026-02-17,3,3072,103.29574934439734,15.479337629502073,46.4351487005846,openai,0,doks-1.34.1-rocm-7.0.2-mi325x8-vllm,,15.974328498006798,135.45076100854203,136.7782072420232,Qwen/Qwen3-235B-A22B-Instruct-2507-FP8,15.982849884312603,1.3011491975123342,15.502173729226024,3072,15.50217202508248,10000.0,192.30855308774386,0.18780132137474986,195.0,1.0,Qwen3-235B-A22B-Instruct-2507-FP8_vllm_20260217,,openai,384.6171061754877,15.4795260168612,,2026-02-17 22:39:30.809000,3
http://mi325-vllm-0151.default.svc.cluster.local:80,0.02969503652232603,Qwen/Qwen3-235B-A22B-Instruct-2507-FP8,15.396897995296888,4,2026-02-17,4,4096,112.26776901457924,15.330439085062986,43.16825603901314,openai,0,doks-1.34.1-rocm-7.0.2-mi325x8-vllm,,15.823692161997315,136.65169550222345,138.21479764126707,Qwen/Qwen3-235B-A22B-Instruct-2507-FP8,15.816417012829334,1.1469684931150974,15.347520497055493,4096,15.34751973264609,10000.0,258.85235620527834,0.25278550410671713,264.0,1.0,Qwen3-235B-A22B-Instruct-2507-FP8_vllm_20260217,,openai,517.7047124105567,15.323262487072498,,2026-02-17 22:40:12.264000,4
http://mi325-vllm-0151.default.svc.cluster.local:80,0.028027569848403166,Qwen/Qwen3-235B-A22B-Instruct-2507-FP8,16.431727066714835,5,2026-02-17,5,5120,118.65206321235746,16.364451176939827,40.30413343371158,openai,0,doks-1.34.1-rocm-7.0.2-mi325x8-vllm,,16.883652235963382,138.6984910350293,140.2238860935904,Qwen/Qwen3-235B-A22B-Instruct-2507-FP8,16.938125212909654,1.0459995349715119,16.378472096974964,5120,16.378471292093312,10000.0,303.25192253688067,0.29614445560242253,310.0,1.0,Qwen3-235B-A22B-Instruct-2507-FP8_vllm_20260217,,openai,606.5038450737613,16.357179963961244,,2026-02-17 22:40:54.414000,5
http://mi325-vllm-0151.default.svc.cluster.local:80,0.02540951028616123,Qwen/Qwen3-235B-A22B-Instruct-2507-FP8,16.46173055457438,6,2026-02-17,6,6144,123.07775733643211,16.397006176454212,38.675857731726,openai,0,doks-1.34.1-rocm-7.0.2-mi325x8-vllm,,16.91823241498787,140.06716301082633,141.70445600757375,Qwen/Qwen3-235B-A22B-Instruct-2507-FP8,16.994625898078084,0.9975373135346127,16.40831507525923,6144,16.408314284135756,10000.0,363.1585055278604,0.3546469780545512,366.0,1.0,Qwen3-235B-A22B-Instruct-2507-FP8_vllm_20260217,,openai,726.3170110557209,16.397747996961698,,2026-02-17 22:41:36.776000,6
http://mi325-vllm-0151.default.svc.cluster.local:80,0.025146385390709104,Qwen/Qwen3-235B-A22B-Instruct-2507-FP8,16.210436081092258,7,2026-02-17,7,7168,127.58799971613502,16.14291201273247,36.49285568510441,openai,0,doks-1.34.1-rocm-7.0.2-mi325x8-vllm,,16.66105668398086,141.6468289680779,144.31297417962924,Qwen/Qwen3-235B-A22B-Instruct-2507-FP8,16.931525000836697,0.9548001371402655,16.153143348263736,7168,16.1531428987455,10000.0,430.2248132251919,0.42014141916522646,441.0,1.0,Qwen3-235B-A22B-Instruct-2507-FP8_vllm_20260217,,openai,860.4496264503838,16.13708701916039,,2026-02-17 22:42:19.290000,7
http://mi325-vllm-0151.default.svc.cluster.local:80,0.023967966507391827,Qwen/Qwen3-235B-A22B-Instruct-2507-FP8,16.12740375017754,8,2026-02-17,8,8192,130.04324763460318,16.059959323045533,34.731309357538464,openai,0,doks-1.34.1-rocm-7.0.2-mi325x8-vllm,,16.57691594795324,142.8334760130383,144.93759876466356,Qwen/Qwen3-235B-A22B-Instruct-2507-FP8,16.806873573805206,0.8943894564485982,16.069048236928825,8192,16.069047742298842,10000.0,494.18118700248766,0.48259881543211686,504.0,1.0,Qwen3-235B-A22B-Instruct-2507-FP8_vllm_20260217,,openai,988.3623740049753,16.052485996624455,,2026-02-17 22:43:01.702000,8
http://mi325-vllm-0151.default.svc.cluster.local:80,0.02345090792070732,Qwen/Qwen3-235B-A22B-Instruct-2507-FP8,17.489908756283118,9,2026-02-17,9,9216,133.38480700945686,17.421228673506185,33.32732701449733,openai,0,doks-1.34.1-rocm-7.0.2-mi325x8-vllm,,17.971968926955014,144.82701296219602,147.2745925653726,Qwen/Qwen3-235B-A22B-Instruct-2507-FP8,18.239673977950588,0.8755012502298916,17.429538783429678,9216,17.429538437167746,10000.0,512.798571901463,0.5007798553725225,522.0,1.0,Qwen3-235B-A22B-Instruct-2507-FP8_vllm_20260217,,openai,1025.597143802926,17.409032967407256,,2026-02-17 22:43:45.572000,9
http://mi325-vllm-0151.default.svc.cluster.local:80,0.021817635436965254,Qwen/Qwen3-235B-A22B-Instruct-2507-FP8,17.375352902684195,10,2026-02-17,10,10240,135.39618600625545,17.309169761955104,31.744892767984243,openai,0,doks-1.34.1-rocm-7.0.2-mi325x8-vllm,,17.85845773399342,145.73934650979936,148.35861024737824,Qwen/Qwen3-235B-A22B-Instruct-2507-FP8,18.27244041778613,0.8637077050931418,17.316430093253302,10240,17.316429630004528,10000.0,573.3977789419212,0.5599587684979699,590.0,1.0,Qwen3-235B-A22B-Instruct-2507-FP8_vllm_20260217,,openai,1146.7955578838423,17.280047002714127,,2026-02-17 22:44:30.108000,10
http://mi325-vllm-0151.default.svc.cluster.local:80,0.02218424301639141,Qwen/Qwen3-235B-A22B-Instruct-2507-FP8,17.070504432066844,11,2026-02-17,11,11264,142.22063980890775,17.00105865687161,31.69858325113647,openai,0,doks-1.34.1-rocm-7.0.2-mi325x8-vllm,,17.550194445007946,151.98998397681862,155.29311620048247,Qwen/Qwen3-235B-A22B-Instruct-2507-FP8,17.844965958502144,0.8464425596043145,17.008051621071715,11264,17.00805125885795,10000.0,641.8162508281486,0.6267736824493638,649.0,1.0,Qwen3-235B-A22B-Instruct-2507-FP8_vllm_20260217,,openai,1283.632501656297,17.001911997795105,,2026-02-17 22:45:14.022000,11
http://mi325-vllm-0151.default.svc.cluster.local:80,0.021419754908285203,Qwen/Qwen3-235B-A22B-Instruct-2507-FP8,17.349284555518228,12,2026-02-17,12,12288,144.84598033110765,17.280318844097984,30.923315159900017,openai,0,doks-1.34.1-rocm-7.0.2-mi325x8-vllm,,17.837346936983522,154.1204584937077,157.03012389072683,Qwen/Qwen3-235B-A22B-Instruct-2507-FP8,18.375180021394044,0.8868050096496085,17.286731878724712,12288,17.28673124943617,10000.0,688.8916857092889,0.6727457868254775,696.0,1.0,Qwen3-235B-A22B-Instruct-2507-FP8_vllm_20260217,,openai,1377.7833714185779,17.281314998399466,,2026-02-17 22:45:57.904000,12
http://mi325-vllm-0151.default.svc.cluster.local:80,0.021140187187956124,Qwen/Qwen3-235B-A22B-Instruct-2507-FP8,17.40961341111796,13,2026-02-17,13,13312,147.46777083760557,17.339801469172297,30.103763000170176,openai,0,doks-1.34.1-rocm-7.0.2-mi325x8-vllm,,17.900877148960717,155.74713697424158,159.6686139749363,Qwen/Qwen3-235B-A22B-Instruct-2507-FP8,18.18119075964205,0.8194765523090247,17.34587991818875,13312,17.345879535604354,10000.0,743.6507099191429,0.7262213964054129,754.0,1.0,Qwen3-235B-A22B-Instruct-2507-FP8_vllm_20260217,,openai,1487.3014198382857,17.327554000075907,,2026-02-17 22:46:41.715000,13
http://mi325-vllm-0151.default.svc.cluster.local:80,0.02096987629449052,Qwen/Qwen3-235B-A22B-Instruct-2507-FP8,17.12104441038115,14,2026-02-17,14,14336,150.04955536070545,17.05012808941698,29.325534835765353,openai,0,doks-1.34.1-rocm-7.0.2-mi325x8-vllm,,17.6074443810503,158.10664699529298,162.63838623359334,Qwen/Qwen3-235B-A22B-Instruct-2507-FP8,17.96332858444657,0.835886434237168,17.055970729160464,14336,17.055970388973627,10000.0,814.2010668753761,0.7951182293704845,826.0,1.0,Qwen3-235B-A22B-Instruct-2507-FP8_vllm_20260217,,openai,1628.4021337507522,17.043460538843647,,2026-02-17 22:47:25.435000,14
http://mi325-vllm-0151.default.svc.cluster.local:80,0.028689487453954922,Qwen/Qwen3-235B-A22B-Instruct-2507-FP8,17.189940478666827,15,2026-02-17,15,15360,165.14269647110874,17.10361675563007,40.645684192980546,openai,0,doks-1.34.1-rocm-7.0.2-mi325x8-vllm,,17.68630675098393,181.24808999709785,185.85839195759036,Qwen/Qwen3-235B-A22B-Instruct-2507-FP8,18.0459909257479,1.0403634079841737,17.114949563251727,15360,17.11494924190144,10000.0,868.468483344918,0.8481137532665215,885.0,1.0,Qwen3-235B-A22B-Instruct-2507-FP8_vllm_20260217,,openai,1736.936966689836,17.099827993661165,,2026-02-17 22:48:09.256000,15
http://mi325-vllm-0151.default.svc.cluster.local:80,0.0365591521603514,Qwen/Qwen3-235B-A22B-Instruct-2507-FP8,17.020890886933138,16,2026-02-17,16,16384,156.1517414302216,16.93025870433711,48.05476217970029,openai,0,doks-1.34.1-rocm-7.0.2-mi325x8-vllm,,17.512881523987744,179.92905498249456,190.25408767338376,Qwen/Qwen3-235B-A22B-Instruct-2507-FP8,17.857799145858735,1.370164475298667,16.95119190958505,16384,16.951191570442212,10000.0,935.5399325666942,0.9136132153971623,960.0,1.0,Qwen3-235B-A22B-Instruct-2507-FP8_vllm_20260217,,openai,1871.0798651333885,16.905606957152486,,2026-02-17 22:48:52.887000,16
http://mi325-vllm-0151.default.svc.cluster.local:80,0.038826460575486235,Qwen/Qwen3-235B-A22B-Instruct-2507-FP8,18.939039410822065,17,2026-02-17,17,17408,129.09118976676837,18.918293192554795,47.333668031394815,openai,0,doks-1.34.1-rocm-7.0.2-mi325x8-vllm,,19.47078622999834,97.96680003637448,184.50976682826877,Qwen/Qwen3-235B-A22B-Instruct-2507-FP8,19.820893299765885,1.8236602297486129,18.888704646990988,17408,18.88870426737435,10000.0,894.0573736657724,0.8731029039704808,918.0,1.0,Qwen3-235B-A22B-Instruct-2507-FP8_vllm_20260217,,openai,1788.1147473315448,18.833403999451548,,2026-02-17 22:49:38.314000,17
http://mi325-vllm-0151.default.svc.cluster.local:80,0.038202198417251365,Qwen/Qwen3-235B-A22B-Instruct-2507-FP8,19.030603068765345,18,2026-02-17,18,18432,156.06497893976564,18.939483387584417,49.678874535496504,openai,0,doks-1.34.1-rocm-7.0.2-mi325x8-vllm,,19.57070985197788,181.50788900675252,192.50843184941914,Qwen/Qwen3-235B-A22B-Instruct-2507-FP8,19.868046214687634,1.4460645658680888,18.963066012217553,18432,18.96306569234411,10000.0,941.815608090332,0.9197418047757149,970.0,1.0,Qwen3-235B-A22B-Instruct-2507-FP8_vllm_20260217,,openai,1883.631216180664,18.945073505165055,,2026-02-17 22:50:24.345000,18
http://mi325-vllm-0151.default.svc.cluster.local:80,0.03299706457425863,Qwen/Qwen3-235B-A22B-Instruct-2507-FP8,18.860103334593816,19,2026-02-17,19,19456,168.1745404647173,18.766712089911746,42.676117787741724,openai,0,doks-1.34.1-rocm-7.0.2-mi325x8-vllm,,19.395430074015167,186.07440602499992,192.51559102674946,Qwen/Qwen3-235B-A22B-Instruct-2507-FP8,19.826066030655056,1.175813003209366,18.78074918650241,19456,18.780748866550436,10000.0,1003.1228967727806,0.9796122038796685,1026.0,1.0,Qwen3-235B-A22B-Instruct-2507-FP8_vllm_20260217,,openai,2006.2457935455611,18.7666270066984,,2026-02-17 22:51:10.099000,19
http://mi325-vllm-0151.default.svc.cluster.local:80,0.03746903175139336,Qwen/Qwen3-235B-A22B-Instruct-2507-FP8,18.861577080939725,20,2026-02-17,20,20480,158.93142864806578,18.769201339193586,47.93759817786069,openai,0,doks-1.34.1-rocm-7.0.2-mi325x8-vllm,,19.396818350011017,183.31981549272314,191.21597151039168,Qwen/Qwen3-235B-A22B-Instruct-2507-FP8,20.021517676650546,1.4338515762585213,18.790547066959455,20480,18.79054664066942,10000.0,1055.8432641087434,1.0310969376061947,1080.0,1.0,Qwen3-235B-A22B-Instruct-2507-FP8_vllm_20260217,,openai,2111.6865282174867,18.75772004132159,,2026-02-17 22:51:55.762000,20
http://mi325-vllm-0151.default.svc.cluster.local:80,0.04402235682037945,Qwen/Qwen3-235B-A22B-Instruct-2507-FP8,18.821778542153677,21,2026-02-17,21,21504,172.29396375062475,18.716891361698636,58.281596809133234,openai,0,doks-1.34.1-rocm-7.0.2-mi325x8-vllm,,19.374371198005974,212.469826976303,221.93577921716496,Qwen/Qwen3-235B-A22B-Instruct-2507-FP8,19.804022171301767,1.690960463300512,18.75074160717802,21504,18.750741213149844,10000.0,1109.9198926369909,1.0839061451533114,1134.0,1.0,Qwen3-235B-A22B-Instruct-2507-FP8_vllm_20260217,,openai,2219.8397852739818,18.723082961514592,,2026-02-17 22:52:41.717000,21
http://mi325-vllm-0151.default.svc.cluster.local:80,0.035703218020672466,Qwen/Qwen3-235B-A22B-Instruct-2507-FP8,18.58777832864162,22,2026-02-17,22,22528,178.4906665879217,18.49544081327807,53.20870771754034,openai,0,doks-1.34.1-rocm-7.0.2-mi325x8-vllm,,19.141237502975855,203.31366249592975,215.91972559166607,Qwen/Qwen3-235B-A22B-Instruct-2507-FP8,19.813132350100208,1.4294675799283887,18.514610165202924,22528,18.514609893057667,10000.0,1176.9353991087364,1.1493509756921254,1210.0,1.0,Qwen3-235B-A22B-Instruct-2507-FP8_vllm_20260217,,openai,2353.870798217473,18.48004199564457,,2026-02-17 22:53:26.765000,22
http://mi325-vllm-0151.default.svc.cluster.local:80,0.0307818148443387,Qwen/Qwen3-235B-A22B-Instruct-2507-FP8,18.58190193979656,23,2026-02-17,23,23552,193.97034317143667,18.487449170111653,47.4255069306814,openai,0,doks-1.34.1-rocm-7.0.2-mi325x8-vllm,,19.136366238002665,213.0771049996838,218.99877374060452,Qwen/Qwen3-235B-A22B-Instruct-2507-FP8,19.593111246358603,1.1986178425241687,18.49898981062097,23552,18.498989518046393,10000.0,1230.7456759072882,1.201900074128211,1265.0,1.0,Qwen3-235B-A22B-Instruct-2507-FP8_vllm_20260217,,openai,2461.4913518145763,18.498634977731854,,2026-02-17 22:54:12.197000,23
http://mi325-vllm-0151.default.svc.cluster.local:80,0.03972789552876297,Qwen/Qwen3-235B-A22B-Instruct-2507-FP8,18.22506981155253,24,2026-02-17,24,24576,179.22964929312002,18.1251999286592,57.54425212914718,openai,0,doks-1.34.1-rocm-7.0.2-mi325x8-vllm,,18.764986044028774,208.98373349336907,219.3570265948074,Qwen/Qwen3-235B-A22B-Instruct-2507-FP8,19.3622973212041,1.580200170882343,18.14790924564202,24576,18.14790903983602,10000.0,1309.6732362249934,1.27897776975097,1344.0,1.0,Qwen3-235B-A22B-Instruct-2507-FP8_vllm_20260217,,openai,2619.346472449987,18.10517950798385,,2026-02-17 22:54:56.988000,24
http://mi325-vllm-0151.default.svc.cluster.local:80,0.04352498566295364,Qwen/Qwen3-235B-A22B-Instruct-2507-FP8,19.539406733882803,25,2026-02-17,25,25600,185.6935636862181,19.439406656907764,60.92703022242744,openai,0,doks-1.34.1-rocm-7.0.2-mi325x8-vllm,,20.131404972984456,226.54867795063183,239.88934830529615,Qwen/Qwen3-235B-A22B-Instruct-2507-FP8,20.720568553078916,1.7711575656928227,19.471709004649757,25600,19.471708706467215,10000.0,1271.6449763120945,1.2418407971797798,1300.0,1.0,Qwen3-235B-A22B-Instruct-2507-FP8_vllm_20260217,,openai,2543.289952624189,19.4371470133774,,2026-02-17 22:55:43.760000,25
http://mi325-vllm-0151.default.svc.cluster.local:80,0.04566324355873094,Qwen/Qwen3-235B-A22B-Instruct-2507-FP8,19.561785789327704,26,2026-02-17,26,26624,183.15140734865474,19.451386371930383,58.204277877746385,openai,0,doks-1.34.1-rocm-7.0.2-mi325x8-vllm,,20.137262938020285,218.83514648652636,230.62465926341247,Qwen/Qwen3-235B-A22B-Instruct-2507-FP8,21.015434075379744,1.778321941315066,19.48396966632048,26624,19.48396928313208,10000.0,1322.1260546651745,1.2911387252589595,1352.0,1.0,Qwen3-235B-A22B-Instruct-2507-FP8_vllm_20260217,,openai,2644.252109330349,19.42502849851735,,2026-02-17 22:56:30.219000,26
http://mi325-vllm-0151.default.svc.cluster.local:80,0.037492529430163866,Qwen/Qwen3-235B-A22B-Instruct-2507-FP8,19.723524729250578,27,2026-02-17,27,27648,178.7866930330724,19.690609038117838,46.26941859244372,openai,0,doks-1.34.1-rocm-7.0.2-mi325x8-vllm,,20.32734542497201,163.3894430124201,247.8121086920146,Qwen/Qwen3-235B-A22B-Instruct-2507-FP8,20.857878006063398,2.1298070887398994,19.67152895427451,27648,19.67152865435575,10000.0,1360.1382483536004,1.3282600081578129,1404.0,1.0,Qwen3-235B-A22B-Instruct-2507-FP8_vllm_20260217,,openai,2720.2764967072007,19.60468600736931,,2026-02-17 22:57:16.355000,27
http://mi325-vllm-0151.default.svc.cluster.local:80,0.036820645630292,Qwen/Qwen3-235B-A22B-Instruct-2507-FP8,19.721851565376454,28,2026-02-17,28,28672,224.8493794260347,19.622208651994836,56.826448854682305,openai,0,doks-1.34.1-rocm-7.0.2-mi325x8-vllm,,20.33725510997465,247.87545547587797,260.99007758661173,Qwen/Qwen3-235B-A22B-Instruct-2507-FP8,20.953646971611306,1.5162213829327855,19.639758495134988,28672,19.639072416628334,10000.0,1409.826441422642,1.3767836342017987,1456.0,1.0,Qwen3-235B-A22B-Instruct-2507-FP8_vllm_20260217,,openai,2819.652882845284,19.655118987429887,,2026-02-17 22:58:03.565000,28
http://mi325-vllm-0151.default.svc.cluster.local:80,0.03117471320132828,Qwen/Qwen3-235B-A22B-Instruct-2507-FP8,19.2314319292453,29,2026-02-17,29,29696,207.42475555744022,19.126466093805664,46.0146902746459,openai,0,doks-1.34.1-rocm-7.0.2-mi325x8-vllm,,19.803620450024027,223.2846129918471,232.18180707655847,Qwen/Qwen3-235B-A22B-Instruct-2507-FP8,20.458883343962952,1.214277013554677,19.136937757206294,29696,19.136937439641287,10000.0,1499.523790356423,1.4643787015199443,1537.0,1.0,Qwen3-235B-A22B-Instruct-2507-FP8_vllm_20260217,,openai,2999.047580712846,19.11257195752114,,2026-02-17 22:58:49.279000,29
http://mi325-vllm-0151.default.svc.cluster.local:80,0.04191272013835828,Qwen/Qwen3-235B-A22B-Instruct-2507-FP8,19.174275044127064,30,2026-02-17,30,30720,196.12969072768465,19.06147565103645,57.710738491668685,openai,0,doks-1.34.1-rocm-7.0.2-mi325x8-vllm,,19.736401305010077,222.3533610231243,231.3885136472527,Qwen/Qwen3-235B-A22B-Instruct-2507-FP8,20.38120159995742,1.6050618757826818,19.082362917009878,30720,19.082362694986244,10000.0,1556.5147630131407,1.5200339482550203,1590.0,1.0,Qwen3-235B-A22B-Instruct-2507-FP8_vllm_20260217,,openai,3113.0295260262815,19.060249003814533,,2026-02-17 22:59:35.952000,30
http://mi325-vllm-0151.default.svc.cluster.local:80,0.040966450835117484,Qwen/Qwen3-235B-A22B-Instruct-2507-FP8,19.114339075938645,31,2026-02-17,31,31744,200.7450118751055,19.005399194495062,56.85190472743161,openai,0,doks-1.34.1-rocm-7.0.2-mi325x8-vllm,,19.687723411014304,222.9846069822088,238.2716706721112,Qwen/Qwen3-235B-A22B-Instruct-2507-FP8,20.45343335950747,1.6156912691991414,19.025060797718368,31744,19.02506047507359,10000.0,1612.3753537821854,1.5745853064279154,1643.0,1.0,Qwen3-235B-A22B-Instruct-2507-FP8_vllm_20260217,,openai,3224.7507075643707,18.972942023538053,,2026-02-17 23:00:22.180000,31
http://mi325-vllm-0151.default.svc.cluster.local:80,0.04194498828202866,Qwen/Qwen3-235B-A22B-Instruct-2507-FP8,18.80172444739969,32,2026-02-17,32,32768,200.24956634915725,18.68767164613326,56.287901309331346,openai,0,doks-1.34.1-rocm-7.0.2-mi325x8-vllm,,19.361917738977354,223.3865974994842,238.4809407638386,Qwen/Qwen3-235B-A22B-Instruct-2507-FP8,20.075357818859633,1.614837572600076,18.707655528773795,32768,18.707655236554835,10000.0,1692.394340362006,1.6527288480097715,1728.0,1.0,Qwen3-235B-A22B-Instruct-2507-FP8_vllm_20260217,,openai,3384.788680724012,18.66466351202689,,2026-02-17 23:01:07.616000,32
http://mi325-vllm-0151.default.svc.cluster.local:80,0.04712678968134552,Qwen/Qwen3-235B-A22B-Instruct-2507-FP8,20.703584491147797,33,2026-02-17,33,33792,192.24318802695385,20.591045646174454,63.75267052542644,openai,0,doks-1.34.1-rocm-7.0.2-mi325x8-vllm,,21.323269898013677,239.91033801576123,247.00793810654432,Qwen/Qwen3-235B-A22B-Instruct-2507-FP8,21.891259195981547,1.9573516549548027,20.628661670341884,33792,20.628661366661664,10000.0,1584.7475627154079,1.5476050417142655,1617.0,1.0,Qwen3-235B-A22B-Instruct-2507-FP8_vllm_20260217,,openai,3169.4951254308157,20.582557015586644,,2026-02-17 23:01:54.788000,33
http://mi325-vllm-0151.default.svc.cluster.local:80,0.040627104124281395,Qwen/Qwen3-235B-A22B-Instruct-2507-FP8,20.891468609823303,34,2026-02-17,34,34816,213.20638931972687,20.78310405618838,56.982612357243895,openai,0,doks-1.34.1-rocm-7.0.2-mi325x8-vllm,,21.515396795992274,236.79431647178717,246.58747785899322,Qwen/Qwen3-235B-A22B-Instruct-2507-FP8,22.354565357672985,1.571840280875638,20.80163062500639,34816,20.801630328336756,10000.0,1618.1900027279655,1.5802636745390288,1666.0,1.0,Qwen3-235B-A22B-Instruct-2507-FP8_vllm_20260217,,openai,3236.380005455931,20.766558503964916,,2026-02-17 23:02:42.982000,34
http://mi325-vllm-0151.default.svc.cluster.local:80,0.0483463589376963,Qwen/Qwen3-235B-A22B-Instruct-2507-FP8,20.74550213871245,35,2026-02-17,35,35840,212.9604214902169,20.718276782977767,65.85506159503467,openai,0,doks-1.34.1-rocm-7.0.2-mi325x8-vllm,,21.396839697961695,166.52254801010713,282.5249616499059,Qwen/Qwen3-235B-A22B-Instruct-2507-FP8,22.120629174169153,2.150737684899388,20.677633835271667,35840,20.67763350383996,10000.0,1675.013717255366,1.6357555832571933,1715.0,1.0,Qwen3-235B-A22B-Instruct-2507-FP8_vllm_20260217,,openai,3350.027434510732,20.639712049160153,,2026-02-17 23:03:30.799000,35
http://mi325-vllm-0151.default.svc.cluster.local:80,0.03969176926804937,Qwen/Qwen3-235B-A22B-Instruct-2507-FP8,21.388467577891923,36,2026-02-17,36,36864,220.9485461692869,21.279139179395663,56.660687039723115,openai,0,doks-1.34.1-rocm-7.0.2-mi325x8-vllm,,22.030973534972873,242.37474703113548,257.5396058848128,Qwen/Qwen3-235B-A22B-Instruct-2507-FP8,22.807008009403948,1.578084317115344,21.296838205602963,36864,21.29683796143836,10000.0,1673.2805720764256,1.6340630586683844,1717.0,1.0,Qwen3-235B-A22B-Instruct-2507-FP8_vllm_20260217,,openai,3346.5611441528513,21.2795989937149,,2026-02-17 23:04:19.818000,36
http://mi325-vllm-0151.default.svc.cluster.local:80,0.033721601487101314,Qwen/Qwen3-235B-A22B-Instruct-2507-FP8,20.959582380911304,37,2026-02-17,37,37888,217.59824502451747,20.849566195453292,50.04228597550006,openai,0,doks-1.34.1-rocm-7.0.2-mi325x8-vllm,,21.582379976985976,232.05906100338325,253.88862038264054,Qwen/Qwen3-235B-A22B-Instruct-2507-FP8,22.41062800749205,1.3797943458712436,20.860277098967554,37888,20.860276889224053,10000.0,1755.5061138021506,1.7143614392599127,1813.0,1.0,Qwen3-235B-A22B-Instruct-2507-FP8_vllm_20260217,,openai,3511.012227604301,20.814575953409076,,2026-02-17 23:05:07.865000,37
http://mi325-vllm-0151.default.svc.cluster.local:80,0.047622839963661304,Qwen/Qwen3-235B-A22B-Instruct-2507-FP8,21.034537092791094,38,2026-02-17,38,38912,212.31668960689078,20.920828248764263,65.25869576782618,openai,0,doks-1.34.1-rocm-7.0.2-mi325x8-vllm,,21.671269685029984,251.40411296160892,261.16615913051646,Qwen/Qwen3-235B-A22B-Instruct-2507-FP8,22.71990206092596,1.940001007401324,20.950791094100722,38912,20.950790887711637,10000.0,1795.5570008378197,1.7534736336306833,1862.0,1.0,Qwen3-235B-A22B-Instruct-2507-FP8_vllm_20260217,,openai,3591.1140016756394,20.875317975878716,,2026-02-17 23:05:55.482000,38
http://mi325-vllm-0151.default.svc.cluster.local:80,0.050477507999493694,Qwen/Qwen3-235B-A22B-Instruct-2507-FP8,20.343690402653316,39,2026-02-17,39,39936,232.84822489427498,20.213588171061364,69.05024409157151,openai,0,doks-1.34.1-rocm-7.0.2-mi325x8-vllm,,20.976959350984544,275.8010079851374,282.6785487344023,Qwen/Qwen3-235B-A22B-Instruct-2507-FP8,21.62669050041586,2.0016946643455955,20.246667123970088,39936,20.246666842753424,10000.0,1903.8030885122357,1.8591827036252302,1950.0,1.0,Qwen3-235B-A22B-Instruct-2507-FP8_vllm_20260217,,openai,3807.6061770244714,20.19362401915714,,2026-02-17 23:06:42.648000,39
http://mi325-vllm-0151.default.svc.cluster.local:80,0.04079402976783098,Qwen/Qwen3-235B-A22B-Instruct-2507-FP8,20.68320506107199,40,2026-02-17,40,40960,223.7715036753798,20.574695102616467,59.2293266432434,openai,0,doks-1.34.1-rocm-7.0.2-mi325x8-vllm,,21.32080234301975,247.0175945200026,270.24834784329863,Qwen/Qwen3-235B-A22B-Instruct-2507-FP8,22.401440839166753,1.757060422486551,20.592332047975656,40960,20.592331720625847,10000.0,1921.128451969818,1.8761020038767753,2000.0,1.0,Qwen3-235B-A22B-Instruct-2507-FP8_vllm_20260217,,openai,3842.256903939636,20.56633500615135,,2026-02-17 23:07:30.065000,40
