request_goodput,total_token_throughput,median_ttft_ms,request_throughput,others,date,mean_ttft_ms,p99_tpot_ms,num_prompts,backend,max_output_tokens_per_s,output_throughput,timestamp,duration,mean_itl_ms,base_url,p99_itl_ms,request_rate,completed,std_tpot_ms,model_id,std_itl_ms,max_concurrent_requests,task_id,max_concurrency,failed,label,std_ttft_ms,tokenizer_id,median_itl_ms,p99_ttft_ms,total_output_tokens,endpoint_type,burstiness,total_input_tokens,median_tpot_ms,mean_tpot_ms
,109.08964942648684,162.93172643054277,0.21348267989527758,doks-1.34.1-rocm-7.0.2-vllm-gpu-01234567-mi325,2026-02-24,162.93172643054277,36.09177781016493,2,openai,56.0,54.65156605319106,2026-02-25 00:35:42.763000,9.368441510014236,36.09134152339881,http://llama-vllm0.default.svc.cluster.local:80,36.54845996410586,10000.0,2,0.0004506626568138994,meta-llama/Llama-3.1-70B-Instruct,0.22876937790593344,2,Llama-3.1-70B-Instruct_vllm_20260225_2,,0,,0.14323648065328598,meta-llama/Llama-3.1-70B-Instruct,36.1048745107837,163.072098181583,512,openai,1.0,510,36.09133616076125,36.09133616076125
,109.07978979098147,161.83198447106406,0.2134633851095528,doks-1.34.1-rocm-7.0.2-vllm-gpu-01234567-mi325,2026-02-24,161.83198447106406,36.09966068738596,2,openai,56.0,54.646626588045514,2026-02-25 00:36:13.729000,9.369288315996528,36.09844465105447,http://llama-vllm1.default.svc.cluster.local:80,37.56504512624813,10000.0,2,0.0012466254844974156,meta-llama/Llama-3.1-70B-Instruct,0.34496447234555255,2,Llama-3.1-70B-Instruct_vllm_20260225_2,,0,,0.21619052859023213,meta-llama/Llama-3.1-70B-Instruct,36.09636699547991,162.0438511890825,512,openai,1.0,510,36.09843899441116,36.09843899441116
,109.36231354939763,160.24957445915788,0.21401626917690336,doks-1.34.1-rocm-7.0.2-vllm-gpu-01234567-mi325,2026-02-24,160.24957445915788,36.01089181643728,2,openai,56.0,54.78816490928726,2026-02-25 00:36:43.245000,9.34508394007571,36.0097660021126,http://llama-vllm2.default.svc.cluster.local:80,36.610443888930604,10000.0,2,0.0011560450052378046,meta-llama/Llama-3.1-70B-Instruct,0.20819776362782183,2,Llama-3.1-70B-Instruct_vllm_20260225_2,,0,,0.11385150719434023,meta-llama/Llama-3.1-70B-Instruct,35.99727799883112,160.36114893620834,512,openai,1.0,510,36.00975889233215,36.00975889233215
,109.12385449764315,162.31415350921452,0.21354961741221754,doks-1.34.1-rocm-7.0.2-vllm-gpu-01234567-mi325,2026-02-24,162.31415350921452,36.083246981268566,2,openai,56.0,54.66870205752769,2026-02-25 00:37:12.671000,9.36550495494157,36.08257787429965,http://llama-vllm3.default.svc.cluster.local:80,36.79710030090064,10000.0,2,0.0006893567521780442,meta-llama/Llama-3.1-70B-Instruct,0.2291392714105818,2,Llama-3.1-70B-Instruct_vllm_20260225_2,,0,,0.08774246089160442,meta-llama/Llama-3.1-70B-Instruct,36.071184498723596,162.4001411208883,512,openai,1.0,510,36.08257141165143,36.08257141165143
,109.73186907051475,159.55729549750686,0.2147394698053126,doks-1.34.1-rocm-7.0.2-vllm-gpu-01234567-mi325,2026-02-24,159.55729549750686,35.89081168339095,2,openai,56.0,54.97330427016003,2026-02-25 00:37:42.586000,9.313611521036364,35.89038287458357,http://llama-vllm4.default.svc.cluster.local:80,36.47893280838616,10000.0,2,0.00044720375216508734,meta-llama/Llama-3.1-70B-Instruct,0.2319626987032237,2,Llama-3.1-70B-Instruct_vllm_20260225_2,,0,,0.2287245588377118,meta-llama/Llama-3.1-70B-Instruct,35.88179202051833,159.78144556516781,512,openai,1.0,510,35.89037342371383,35.89037342371383
,109.31987815438596,161.24208847759292,0.21393322535104886,doks-1.34.1-rocm-7.0.2-vllm-gpu-01234567-mi325,2026-02-24,161.24208847759292,36.0222328517029,2,openai,56.0,54.76690568986851,2026-02-25 00:38:12.585000,9.348711480968632,36.02126438636333,http://llama-vllm5.default.svc.cluster.local:80,36.57232270343229,10000.0,2,0.0009931197079530996,meta-llama/Llama-3.1-70B-Instruct,0.21092328586874742,2,Llama-3.1-70B-Instruct_vllm_20260225_2,,0,,0.20081253023818135,meta-llama/Llama-3.1-70B-Instruct,36.0097800148651,161.43888475722633,512,openai,1.0,510,36.02125959438911,36.02125959438911
,108.57970355617114,162.82328101806343,0.2124847427713721,doks-1.34.1-rocm-7.0.2-vllm-gpu-01234567-mi325,2026-02-24,162.82328101806343,36.26532471562535,2,openai,56.0,54.39609414947126,2026-02-25 00:38:43.369000,9.41244050709065,36.264516488311116,http://llama-vllm6.default.svc.cluster.local:80,37.05818878719583,10000.0,2,0.0008308963265792058,meta-llama/Llama-3.1-70B-Instruct,0.32698772835762896,2,Llama-3.1-70B-Instruct_vllm_20260225_2,,0,,0.21533994004130363,meta-llama/Llama-3.1-70B-Instruct,36.261776462197304,163.0343141593039,512,openai,1.0,510,36.2645104372253,36.2645104372253
,109.35026490925125,159.66668096370995,0.21399269062475781,doks-1.34.1-rocm-7.0.2-vllm-gpu-01234567-mi325,2026-02-24,159.66668096370995,36.01805583322786,2,openai,56.0,54.782128799938,2026-02-25 00:39:12.499000,9.346113617997617,36.017628219526486,http://llama-vllm7.default.svc.cluster.local:80,36.452722443500534,10000.0,2,0.0004420746300450029,meta-llama/Llama-3.1-70B-Instruct,0.28760284760156735,2,Llama-3.1-70B-Instruct_vllm_20260225_2,,0,,0.03549596294760704,meta-llama/Llama-3.1-70B-Instruct,36.01707296911627,159.7014670073986,512,openai,1.0,510,36.01762260009042,36.01762260009042
,121.39092486805828,217.7912300103344,0.23755562596488902,doks-1.34.1-rocm-7.0.2-vllm-gpu-01234567-mi325,2026-02-24,177.84533053054474,65.53428891302069,4,openai,64.0,60.81424024701159,2026-02-25 00:39:49.800000,16.838161520077847,65.2587900176763,http://llama-vllm0.default.svc.cluster.local:80,65.89791283709928,10000.0,4,0.16568769617344037,meta-llama/Llama-3.1-70B-Instruct,3.0666620055453575,4,Llama-3.1-70B-Instruct_vllm_20260225_2,,0,,69.99403452144783,meta-llama/Llama-3.1-70B-Instruct,65.14068355318159,219.14198090089485,1024,openai,1.0,1020,65.16318945282632,65.25878673807408
,121.28359229573555,216.98554151225835,0.2373455817920461,doks-1.34.1-rocm-7.0.2-vllm-gpu-01234567-mi325,2026-02-24,177.5320519809611,65.58886856516348,4,openai,64.0,60.7604689387638,2026-02-25 00:40:26.101000,16.853062820038758,65.3159588616451,http://llama-vllm1.default.svc.cluster.local:80,66.17518468177877,10000.0,4,0.16411178286824535,meta-llama/Llama-3.1-70B-Instruct,3.054017206219245,4,Llama-3.1-70B-Instruct_vllm_20260225_2,,0,,69.5709030600761,meta-llama/Llama-3.1-70B-Instruct,65.21371303824708,219.0615431801416,1024,openai,1.0,1020,65.2215279686703,65.31595324312208
,121.71050492159132,215.88848944520578,0.23818102724381865,doks-1.34.1-rocm-7.0.2-vllm-gpu-01234567-mi325,2026-02-24,176.2142229708843,65.36578251239295,4,openai,64.0,60.974342974417574,2026-02-25 00:41:03.164000,16.793948897975497,65.09182439505251,http://llama-vllm2.default.svc.cluster.local:80,65.69240130484104,10000.0,4,0.16476039114355553,meta-llama/Llama-3.1-70B-Instruct,3.0607212119554457,4,Llama-3.1-70B-Instruct_vllm_20260225_2,,0,,69.7693495769948,meta-llama/Llama-3.1-70B-Instruct,64.99268702464178,217.64864790486172,1024,openai,1.0,1020,64.99674855891213,65.09182063244083
,121.76790856479812,140.78715053619817,0.23829336314050514,doks-1.34.1-rocm-7.0.2-vllm-gpu-01234567-mi325,2026-02-24,140.68418703391217,65.44077378340229,4,openai,64.0,61.00310096396932,2026-02-25 00:41:40.707000,16.786031919997185,65.19354790319032,http://llama-vllm3.default.svc.cluster.local:80,65.89251123601571,10000.0,4,0.24623552670140625,meta-llama/Llama-3.1-70B-Instruct,4.473976222178468,4,Llama-3.1-70B-Instruct_vllm_20260225_2,,0,,80.05047280640012,meta-llama/Llama-3.1-70B-Instruct,65.05542248487473,220.7728169846814,1024,openai,1.0,1020,65.19322365490427,65.19354493631161
,121.53471831112566,216.7170710163191,0.23783702213527524,doks-1.34.1-rocm-7.0.2-vllm-gpu-01234567-mi325,2026-02-24,177.25394500303082,65.45502616880535,4,openai,64.0,60.88627766663046,2026-02-25 00:42:17.720000,16.8182394989999,65.18280319801039,http://llama-vllm4.default.svc.cluster.local:80,65.76394802192226,10000.0,4,0.16371469484103968,meta-llama/Llama-3.1-70B-Instruct,3.019974501400376,4,Llama-3.1-70B-Instruct_vllm_20260225_2,,0,,69.36185383410194,meta-llama/Llama-3.1-70B-Instruct,65.08318800479174,218.41380873229355,1024,openai,1.0,1020,65.08855945681788,65.18279776666496
,121.91234973881076,141.801236954052,0.23857602688612675,doks-1.34.1-rocm-7.0.2-vllm-gpu-01234567-mi325,2026-02-24,141.82382699800655,65.35616801025839,4,openai,64.0,61.07546288284845,2026-02-25 00:42:54.951000,16.76614390895702,65.11128987847627,http://llama-vllm5.default.svc.cluster.local:80,66.70740682282485,10000.0,4,0.24434414177525046,meta-llama/Llama-3.1-70B-Instruct,4.43862843338313,4,Llama-3.1-70B-Instruct_vllm_20260225_2,,0,,79.22683136410674,meta-llama/Llama-3.1-70B-Instruct,64.96723246527836,221.2123397004325,1024,openai,1.0,1020,65.11125390203304,65.11128680397043
,121.48207980911357,142.26132503245026,0.23773401136812833,doks-1.34.1-rocm-7.0.2-vllm-gpu-01234567-mi325,2026-02-24,142.19691077596508,65.58566785581392,4,openai,64.0,60.85990691024085,2026-02-25 00:43:32.650000,16.82552688603755,65.34139907167877,http://llama-vllm6.default.svc.cluster.local:80,66.21203454094939,10000.0,4,0.24393999488339901,meta-llama/Llama-3.1-70B-Instruct,4.418635280044004,4,Llama-3.1-70B-Instruct_vllm_20260225_2,,0,,79.22130580706406,meta-llama/Llama-3.1-70B-Instruct,65.18424354726449,221.42799214459956,1024,openai,1.0,1020,65.34125219994024,65.3413952597618
,122.24319119055025,140.5642150202766,0.23922346612632142,doks-1.34.1-rocm-7.0.2-vllm-gpu-01234567-mi325,2026-02-24,140.50152376876213,65.18397914430163,4,openai,64.0,61.241207328338284,2026-02-25 00:44:10.086000,16.720767677063122,64.93863590979292,http://llama-vllm7.default.svc.cluster.local:80,65.72183239273727,10000.0,4,0.24433137007494743,meta-llama/Llama-3.1-70B-Instruct,4.446033770320475,4,Llama-3.1-70B-Instruct_vllm_20260225_2,,0,,79.39401811713078,meta-llama/Llama-3.1-70B-Instruct,64.76924795424566,219.98180466587655,1024,openai,1.0,1020,64.93812469222274,64.93863222753065
,323.5112711184029,148.8993659731932,0.6330944640281857,doks-1.34.1-rocm-7.0.2-vllm-gpu-01234567-mi325,2026-02-24,148.95655232248828,36.634033697191626,6,openai,168.0,162.07218279121554,2026-02-25 00:44:39.812000,9.47725867293775,36.43917666026847,http://llama-vllm0.default.svc.cluster.local:80,37.28290910599753,10000.0,6,0.19425290341293336,meta-llama/Llama-3.1-70B-Instruct,5.799645108043243,6,Llama-3.1-70B-Instruct_vllm_20260225_2,,0,,80.61565926827109,meta-llama/Llama-3.1-70B-Instruct,36.12297849031165,230.70869305520318,1536,openai,1.0,1530,36.439180503800216,36.43917305238265
,324.0756305353759,225.98925902275369,0.6341988855878198,doks-1.34.1-rocm-7.0.2-vllm-gpu-01234567-mi325,2026-02-24,198.47684246875966,36.68497366561354,6,openai,168.0,162.35491471048186,2026-02-25 00:45:10.170000,9.460754561936483,36.285171364023185,http://llama-vllm1.default.svc.cluster.local:80,37.33952488168143,10000.0,6,0.19019492970951918,meta-llama/Llama-3.1-70B-Instruct,3.341052686848396,6,Llama-3.1-70B-Instruct_vllm_20260225_2,,0,,61.37176177119581,meta-llama/Llama-3.1-70B-Instruct,36.17179748835042,227.45810117921792,1536,openai,1.0,1530,36.200409853036575,36.28516873143906
,324.6879418454074,222.28466701926664,0.6353971464685076,doks-1.34.1-rocm-7.0.2-vllm-gpu-01234567-mi325,2026-02-24,195.96889314319318,36.613790165021214,6,openai,168.0,162.66166949593796,2026-02-25 00:45:40.863000,9.4429130400531,36.21909276200336,http://llama-vllm2.default.svc.cluster.local:80,36.92168871173635,10000.0,6,0.18778103235266444,meta-llama/Llama-3.1-70B-Instruct,3.3004029230672165,6,Llama-3.1-70B-Instruct_vllm_20260225_2,,0,,60.466486440841194,meta-llama/Llama-3.1-70B-Instruct,36.12664248794317,225.666551257018,1536,openai,1.0,1530,36.13511942938774,36.21908988761015
,323.7897138554706,222.67079155426472,0.6336393617523887,doks-1.34.1-rocm-7.0.2-vllm-gpu-01234567-mi325,2026-02-24,195.4570748299981,36.725939331694924,6,openai,168.0,162.2116766086115,2026-02-25 00:46:11.331000,9.469108710996807,36.32746579489227,http://llama-vllm3.default.svc.cluster.local:80,37.08759740460664,10000.0,6,0.18955767081494343,meta-llama/Llama-3.1-70B-Instruct,3.3357804152541113,6,Llama-3.1-70B-Instruct_vllm_20260225_2,,0,,61.27986116553362,meta-llama/Llama-3.1-70B-Instruct,36.23191552469507,224.32836626539938,1536,openai,1.0,1530,36.24273532951324,36.32746209676554
,323.2631728402684,74.0025220438838,0.6326089488067874,doks-1.34.1-rocm-7.0.2-vllm-gpu-01234567-mi325,2026-02-24,126.13747686070079,36.75742687237467,6,openai,168.0,161.94789089453758,2026-02-25 00:46:41.105000,9.48453228699509,36.59378586008268,http://llama-vllm4.default.svc.cluster.local:80,37.04558024299331,10000.0,6,0.23023831113376472,meta-llama/Llama-3.1-70B-Instruct,6.337003604827978,6,Llama-3.1-70B-Instruct_vllm_20260225_2,,0,,74.70031809823018,meta-llama/Llama-3.1-70B-Instruct,36.25596652273089,232.13620797614567,1536,openai,1.0,1530,36.75580108424137,36.59378291302501
,323.7125295910046,222.54013502970338,0.633488316225058,doks-1.34.1-rocm-7.0.2-vllm-gpu-01234567-mi325,2026-02-24,195.3619378618896,36.73438039941567,6,openai,168.0,162.17300895361484,2026-02-25 00:47:11.841000,9.471366474055685,36.33682696868549,http://llama-vllm5.default.svc.cluster.local:80,37.01567520503886,10000.0,6,0.18911738164800046,meta-llama/Llama-3.1-70B-Instruct,3.318446577158112,6,Llama-3.1-70B-Instruct_vllm_20260225_2,,0,,61.15874874118922,meta-llama/Llama-3.1-70B-Instruct,36.229645484127104,224.1301287256647,1536,openai,1.0,1530,36.252694482476834,36.33682228681127
,320.9329844852647,222.3391014849767,0.6280488933175433,doks-1.34.1-rocm-7.0.2-vllm-gpu-01234567-mi325,2026-02-24,195.57728800767413,37.05142455120735,6,openai,168.0,160.7805166892911,2026-02-25 00:47:42.307000,9.553396341972984,36.656268825526254,http://llama-vllm6.default.svc.cluster.local:80,37.32174440403469,10000.0,6,0.18798858008728092,meta-llama/Llama-3.1-70B-Instruct,3.312082370003268,6,Llama-3.1-70B-Instruct_vllm_20260225_2,,0,,60.82168077254931,meta-llama/Llama-3.1-70B-Instruct,36.54949553310871,224.83854059828445,1536,openai,1.0,1530,36.5725042332676,36.65626600979724
,323.3808059962716,223.5554180224426,0.6328391506776352,doks-1.34.1-rocm-7.0.2-vllm-gpu-01234567-mi325,2026-02-24,170.40499817812815,36.673802018243194,6,openai,168.0,162.0068225734746,2026-02-25 00:48:12.180000,9.48108218901325,36.41224043920113,http://llama-vllm7.default.svc.cluster.local:80,37.402078199666,10000.0,6,0.18431013266794186,meta-llama/Llama-3.1-70B-Instruct,4.868447540325782,6,Llama-3.1-70B-Instruct_vllm_20260225_2,,0,,76.57172405874167,meta-llama/Llama-3.1-70B-Instruct,36.15427954355255,225.85475292871706,1536,openai,1.0,1530,36.282501305800444,36.4122363999699
,432.72570235959637,238.2642839802429,0.8468213353416759,doks-1.34.1-rocm-7.0.2-vllm-gpu-01234567-mi325,2026-02-24,216.0664544935571,36.622439696060894,8,openai,224.0,216.78626184746904,2026-02-25 00:48:41.962000,9.447093107039109,36.167038236767524,http://llama-vllm0.default.svc.cluster.local:80,37.28734316187911,10000.0,8,0.1870589650821873,meta-llama/Llama-3.1-70B-Instruct,3.2411192625397662,8,Llama-3.1-70B-Instruct_vllm_20260225_2,,0,,59.16112130516868,meta-llama/Llama-3.1-70B-Instruct,36.091093556024134,239.8616074922029,2048,openai,1.0,2040,36.096399692435035,36.167035467680726
,431.20019614308706,236.86082754284143,0.8438360002800138,doks-1.34.1-rocm-7.0.2-vllm-gpu-01234567-mi325,2026-02-24,214.6399546181783,36.75910797980431,8,openai,224.0,216.02201607168354,2026-02-25 00:49:12.917000,9.480515168048441,36.30450109696682,http://llama-vllm1.default.svc.cluster.local:80,37.065329934703186,10000.0,8,0.1867226713021138,meta-llama/Llama-3.1-70B-Instruct,3.214424467840045,8,Llama-3.1-70B-Instruct_vllm_20260225_2,,0,,59.172587100558374,meta-llama/Llama-3.1-70B-Instruct,36.22501197969541,238.58778256224468,2048,openai,1.0,2040,36.23432729794991,36.30449864163072
,432.56102199933815,236.02181248134002,0.8464990645779612,doks-1.34.1-rocm-7.0.2-vllm-gpu-01234567-mi325,2026-02-24,214.41030998539645,36.64164783929785,8,openai,224.0,216.70376053195807,2026-02-25 00:49:43.180000,9.450689711025916,36.18646240496424,http://llama-vllm2.default.svc.cluster.local:80,37.12962538818829,10000.0,8,0.18696727819628525,meta-llama/Llama-3.1-70B-Instruct,3.20874861007608,8,Llama-3.1-70B-Instruct_vllm_20260225_2,,0,,58.85163465237017,meta-llama/Llama-3.1-70B-Instruct,36.1103750183247,238.61177442595363,2048,openai,1.0,2040,36.11585983148247,36.18646000001771
,431.4585161633481,238.00456506432965,0.8443415189106617,doks-1.34.1-rocm-7.0.2-vllm-gpu-01234567-mi325,2026-02-24,215.94244790321682,36.73086955992267,8,openai,224.0,216.1514288411294,2026-02-25 00:50:13.578000,9.474839056027122,36.27498927063939,http://llama-vllm3.default.svc.cluster.local:80,37.2591408865992,10000.0,8,0.18722973564507225,meta-llama/Llama-3.1-70B-Instruct,3.2415641666187134,8,Llama-3.1-70B-Instruct_vllm_20260225_2,,0,,59.20428269057127,meta-llama/Llama-3.1-70B-Instruct,36.170717037748545,240.56190841831267,2048,openai,1.0,2040,36.20390699623956,36.27498627545577
,431.18725290720283,235.73651298647746,0.8438106710512775,doks-1.34.1-rocm-7.0.2-vllm-gpu-01234567-mi325,2026-02-24,214.25603510579094,36.75307273717287,8,openai,224.0,216.01553178912704,2026-02-25 00:50:43.203000,9.480799751006998,36.30160337694072,http://llama-vllm4.default.svc.cluster.local:80,38.286035768687725,10000.0,8,0.18544824930340253,meta-llama/Llama-3.1-70B-Instruct,3.2123157390345978,8,Llama-3.1-70B-Instruct_vllm_20260225_2,,0,,58.389420175504746,meta-llama/Llama-3.1-70B-Instruct,36.196739005390555,238.9537601347547,2048,openai,1.0,2040,36.23154282743367,36.30160087207104
,431.0178515854286,237.29404248297215,0.8434791616153202,doks-1.34.1-rocm-7.0.2-vllm-gpu-01234567-mi325,2026-02-24,215.1274005009327,36.77117853133264,8,openai,224.0,215.93066537352198,2026-02-25 00:51:13.489000,9.484525954001583,36.31532294270537,http://llama-vllm5.default.svc.cluster.local:80,37.20726081752218,10000.0,8,0.18724574082493903,meta-llama/Llama-3.1-70B-Instruct,3.260675161816516,8,Llama-3.1-70B-Instruct_vllm_20260225_2,,0,,59.084493249979005,meta-llama/Llama-3.1-70B-Instruct,36.22835356509313,239.12605975638144,2048,openai,1.0,2040,36.24513274328053,36.315320164202625
,427.5992952572926,237.08779900334775,0.8367892275093789,doks-1.34.1-rocm-7.0.2-vllm-gpu-01234567-mi325,2026-02-24,215.30199836706743,37.0674622487505,8,openai,224.0,214.218042242401,2026-02-25 00:51:44.207000,9.560352520085871,36.615506940414015,http://llama-vllm6.default.svc.cluster.local:80,37.36716573941521,10000.0,8,0.18563605453726123,meta-llama/Llama-3.1-70B-Instruct,3.1922861597557874,8,Llama-3.1-70B-Instruct_vllm_20260225_2,,0,,59.09167009701016,meta-llama/Llama-3.1-70B-Instruct,36.54185350751504,239.4364403176587,2048,openai,1.0,2040,36.54552433735636,36.6155045398616
,431.6359935479462,237.33695247210562,0.8446888327748459,doks-1.34.1-rocm-7.0.2-vllm-gpu-01234567-mi325,2026-02-24,215.88130472810008,36.71321273354503,8,openai,224.0,216.24034119036054,2026-02-25 00:52:14.434000,9.470943251042627,36.25763861625684,http://llama-vllm7.default.svc.cluster.local:80,37.01293272897601,10000.0,8,0.18712971367167688,meta-llama/Llama-3.1-70B-Instruct,3.235401955792839,8,Llama-3.1-70B-Instruct_vllm_20260225_2,,0,,59.04943543395014,meta-llama/Llama-3.1-70B-Instruct,36.18848748737946,240.73280411656015,2048,openai,1.0,2040,36.18701912380536,36.257635954055274
,502.90709203893533,244.45780098903924,0.9841626067298147,doks-1.34.1-rocm-7.0.2-vllm-gpu-01234567-mi325,2026-02-24,226.49876138893887,39.40002262898648,10,openai,260.0,251.94562732283256,2026-02-25 00:52:44.560000,10.160922526032664,38.92483055564192,http://llama-vllm0.default.svc.cluster.local:80,39.869473858270794,10000.0,10,0.17596817280788926,meta-llama/Llama-3.1-70B-Instruct,2.9803162097042115,10,Llama-3.1-70B-Instruct_vllm_20260225_2,,0,,55.506653081356006,meta-llama/Llama-3.1-70B-Instruct,38.861302949953824,247.80404620687477,2560,openai,1.0,2550,38.86621317634469,38.92482812740091
,501.7746635172633,245.28028396889567,0.9819465039476777,doks-1.34.1-rocm-7.0.2-vllm-gpu-01234567-mi325,2026-02-24,227.70141740329564,39.476713037579415,10,openai,260.0,251.3783050106055,2026-02-25 00:53:15.462000,10.183854171074927,39.00803681568006,http://llama-vllm1.default.svc.cluster.local:80,39.88821625360287,10000.0,10,0.1735330261926866,meta-llama/Llama-3.1-70B-Instruct,2.936868038183524,10,Llama-3.1-70B-Instruct_vllm_20260225_2,,0,,54.98826898812707,meta-llama/Llama-3.1-70B-Instruct,38.95449551055208,249.13765483070165,2560,openai,1.0,2550,38.950460627401135,39.00803504429538
,503.3520760044445,243.3862159959972,0.9850334168384433,doks-1.34.1-rocm-7.0.2-vllm-gpu-01234567-mi325,2026-02-24,225.8241962059401,39.348971746674756,10,openai,260.0,252.16855471064147,2026-02-25 00:53:46.393000,10.15193985204678,38.884645146637354,http://llama-vllm2.default.svc.cluster.local:80,39.79787899530493,10000.0,10,0.17192078585647416,meta-llama/Llama-3.1-70B-Instruct,2.9325003091940176,10,Llama-3.1-70B-Instruct_vllm_20260225_2,,0,,54.336309266219416,meta-llama/Llama-3.1-70B-Instruct,38.82379696005955,248.21267255581915,2560,openai,1.0,2550,38.827487156845116,38.884642432151615
,501.68027741028686,243.43545053852722,0.9817617953234578,doks-1.34.1-rocm-7.0.2-vllm-gpu-01234567-mi325,2026-02-24,225.5485019995831,39.488045456622935,10,openai,260.0,251.33101960280518,2026-02-25 00:54:16.954000,10.185770160984248,39.0219182650303,http://llama-vllm3.default.svc.cluster.local:80,39.993488088948645,10000.0,10,0.1725806976915234,meta-llama/Llama-3.1-70B-Instruct,2.933037348912405,10,Llama-3.1-70B-Instruct_vllm_20260225_2,,0,,54.862314271409815,meta-llama/Llama-3.1-70B-Instruct,38.96598797291517,246.8316185544245,2560,openai,1.0,2550,38.964607239262584,39.021914521159204
,502.6631241324377,242.9950759978965,0.983685174427471,doks-1.34.1-rocm-7.0.2-vllm-gpu-01234567-mi325,2026-02-24,225.42732958681881,39.41217064398213,10,openai,260.0,251.8234046534326,2026-02-25 00:54:48.812000,10.165854137041606,38.94311247964152,http://llama-vllm4.default.svc.cluster.local:80,39.7838509012945,10000.0,10,0.17364922057735974,meta-llama/Llama-3.1-70B-Instruct,2.9500588795791414,10,Llama-3.1-70B-Instruct_vllm_20260225_2,,0,,54.7507857236859,meta-llama/Llama-3.1-70B-Instruct,38.89249550411478,246.57352646579966,2560,openai,1.0,2550,38.88537434098657,38.94310993685698
,501.70700728220146,242.05540190450847,0.9818141042704529,doks-1.34.1-rocm-7.0.2-vllm-gpu-01234567-mi325,2026-02-24,224.32669418631122,39.492976718869826,10,openai,260.0,251.34441069323594,2026-02-25 00:55:19.184000,10.18522748502437,39.028335692105344,http://llama-vllm5.default.svc.cluster.local:80,39.856954343849786,10000.0,10,0.17206009416021276,meta-llama/Llama-3.1-70B-Instruct,2.9201296409389443,10,Llama-3.1-70B-Instruct_vllm_20260225_2,,0,,54.991266352422976,meta-llama/Llama-3.1-70B-Instruct,38.955134456045926,245.08662892738357,2560,openai,1.0,2550,38.97109637447797,39.02833348003161
,496.59198787268116,243.32693597534671,0.9718042815512351,doks-1.34.1-rocm-7.0.2-vllm-gpu-01234567-mi325,2026-02-24,225.41124519193545,39.90128308195876,10,openai,260.0,248.7818960771162,2026-02-25 00:55:50.184000,10.290137829026207,39.43484347126465,http://llama-vllm6.default.svc.cluster.local:80,40.370665134396404,10000.0,10,0.17273640003461918,meta-llama/Llama-3.1-70B-Instruct,2.9436376610386406,10,Llama-3.1-70B-Instruct_vllm_20260225_2,,0,,55.24974114690551,meta-llama/Llama-3.1-70B-Instruct,39.35175243532285,246.6365521028638,2560,openai,1.0,2550,39.37761269432182,39.43484106671759
,502.4974488538843,241.86057545011863,0.9833609566612217,doks-1.34.1-rocm-7.0.2-vllm-gpu-01234567-mi325,2026-02-24,224.1706292028539,39.43014108482748,10,openai,260.0,251.74040490527275,2026-02-25 00:56:20.734000,10.169205856975168,38.9651675270779,http://llama-vllm7.default.svc.cluster.local:80,40.07343503530137,10000.0,10,0.17213412693549945,meta-llama/Llama-3.1-70B-Instruct,2.9583901461907907,10,Llama-3.1-70B-Instruct_vllm_20260225_2,,0,,55.08198282871063,meta-llama/Llama-3.1-70B-Instruct,38.87071798089892,245.02622861647978,2560,openai,1.0,2550,38.90802379213638,38.96516537846194
,602.5909280234661,250.11584302410483,1.1792386066995422,doks-1.34.1-rocm-7.0.2-vllm-gpu-01234567-mi325,2026-02-24,234.77872115715095,39.43399345914504,12,openai,312.0,301.8850833150828,2026-02-25 00:56:51.981000,10.17605761194136,38.94935560780212,http://llama-vllm0.default.svc.cluster.local:80,39.91213745204732,10000.0,12,0.1660045679001258,meta-llama/Llama-3.1-70B-Instruct,2.8219062001141193,12,Llama-3.1-70B-Instruct_vllm_20260225_2,,0,,52.57264553870695,meta-llama/Llama-3.1-70B-Instruct,38.89717493439093,253.83045058115383,3072,openai,1.0,3060,38.899416456629034,38.94935361466529
,600.9921239726029,251.92854506894946,1.1761098316489293,doks-1.34.1-rocm-7.0.2-vllm-gpu-01234567-mi325,2026-02-24,236.52628560860953,39.53463300916037,12,openai,312.0,301.0841169021259,2026-02-25 00:57:22.887000,10.203128719003871,39.0506625116888,http://llama-vllm1.default.svc.cluster.local:80,39.88207353511825,10000.0,12,0.16575655902032208,meta-llama/Llama-3.1-70B-Instruct,2.825288366774772,12,Llama-3.1-70B-Instruct_vllm_20260225_2,,0,,52.29468046147469,meta-llama/Llama-3.1-70B-Instruct,39.01571244932711,255.390058682533,3072,openai,1.0,3060,39.0013962372334,39.05066038322867
,602.4503358720658,249.40296745626256,1.1789634752878,doks-1.34.1-rocm-7.0.2-vllm-gpu-01234567-mi325,2026-02-24,234.22362155785473,39.44646566259839,12,openai,312.0,301.8146496736768,2026-02-25 00:57:54.532000,10.178432370070368,38.964174625469866,http://llama-vllm2.default.svc.cluster.local:80,39.913888493319966,10000.0,12,0.1652053011722824,meta-llama/Llama-3.1-70B-Instruct,2.798235870537615,12,Llama-3.1-70B-Instruct_vllm_20260225_2,,0,,52.185095217896304,meta-llama/Llama-3.1-70B-Instruct,38.91253349138424,252.63123913784514,3072,openai,1.0,3060,38.9147596273973,38.964172516069894
,601.3553217433906,250.51254604477435,1.176820590495872,doks-1.34.1-rocm-7.0.2-vllm-gpu-01234567-mi325,2026-02-24,234.87885251718885,39.515599469220554,12,openai,312.0,301.2660711669432,2026-02-25 00:58:25.888000,10.196966382907704,39.03149401775129,http://llama-vllm3.default.svc.cluster.local:80,39.9735643574968,10000.0,12,0.1658188306384929,meta-llama/Llama-3.1-70B-Instruct,2.8017274131465686,12,Llama-3.1-70B-Instruct_vllm_20260225_2,,0,,52.315277174592104,meta-llama/Llama-3.1-70B-Instruct,38.97965350188315,254.25878486130387,3072,openai,1.0,3060,38.98197262337906,39.031492187900255
,601.2633282067998,250.11717795860022,1.1766405640054791,doks-1.34.1-rocm-7.0.2-vllm-gpu-01234567-mi325,2026-02-24,234.49324697139673,39.519873700739225,12,openai,312.0,301.21998438540265,2026-02-25 00:58:57.156000,10.198526522959583,39.040563904925314,http://llama-vllm4.default.svc.cluster.local:80,40.092114683939144,10000.0,12,0.16417971712163854,meta-llama/Llama-3.1-70B-Instruct,2.795271044462657,12,Llama-3.1-70B-Instruct_vllm_20260225_2,,0,,52.22873526412982,meta-llama/Llama-3.1-70B-Instruct,38.98621950065717,253.5889869986568,3072,openai,1.0,3060,38.99111690401447,39.04056210170524
,600.7122920721487,250.42552553350106,1.175562215405379,doks-1.34.1-rocm-7.0.2-vllm-gpu-01234567-mi325,2026-02-24,235.0636239279993,39.553093787711845,12,openai,312.0,300.94392714377705,2026-02-25 00:59:27.352000,10.2078816780122,39.07154267904915,http://llama-vllm5.default.svc.cluster.local:80,40.08076831698416,10000.0,12,0.16492217155252048,meta-llama/Llama-3.1-70B-Instruct,2.7946857510139322,12,Llama-3.1-70B-Instruct_vllm_20260225_2,,0,,51.77309686599979,meta-llama/Llama-3.1-70B-Instruct,39.004429476335645,254.60126652033065,3072,openai,1.0,3060,39.02187416279762,39.07154075260384
,596.209341844578,250.73301699012518,1.1667501797349864,doks-1.34.1-rocm-7.0.2-vllm-gpu-01234567-mi325,2026-02-24,234.96852172926688,39.85455018922906,12,openai,312.0,298.6880460121565,2026-02-25 00:59:57.937000,10.284978059935383,39.37429094639929,http://llama-vllm6.default.svc.cluster.local:80,40.9625390858855,10000.0,12,0.1645091479701784,meta-llama/Llama-3.1-70B-Instruct,2.8088532832270525,12,Llama-3.1-70B-Instruct_vllm_20260225_2,,0,,52.10866271047553,meta-llama/Llama-3.1-70B-Instruct,39.309395942837,254.062239570776,3072,openai,1.0,3060,39.32465759229244,39.37427406602545
,601.813008382055,251.854027970694,1.177716259064687,doks-1.34.1-rocm-7.0.2-vllm-gpu-01234567-mi325,2026-02-24,236.42158258977966,39.475034564532635,12,openai,312.0,301.4953623205599,2026-02-25 01:00:29.345000,10.189211457036436,38.99272583433415,http://llama-vllm7.default.svc.cluster.local:80,39.77834368008189,10000.0,12,0.16519318284543896,meta-llama/Llama-3.1-70B-Instruct,2.7917051903822503,12,Llama-3.1-70B-Instruct_vllm_20260225_2,,0,,52.10486200016582,meta-llama/Llama-3.1-70B-Instruct,38.94494299311191,255.29448929592036,3072,openai,1.0,3060,38.94284002724852,38.992724149964225
,701.3248154124617,261.80836296407506,1.372455607460786,doks-1.34.1-rocm-7.0.2-vllm-gpu-01234567-mi325,2026-02-24,247.40472991418625,39.50993234387545,14,openai,364.0,351.34863550996124,2026-02-25 01:01:00.504000,10.200694232946262,38.9964167341063,http://llama-vllm0.default.svc.cluster.local:80,40.48758875578642,10000.0,14,0.16550070149888949,meta-llama/Llama-3.1-70B-Instruct,2.815988037914977,14,Llama-3.1-70B-Instruct_vllm_20260225_2,,0,,51.51385295555884,meta-llama/Llama-3.1-70B-Instruct,38.941097445786,265.3203137451783,3584,openai,1.0,3570,38.950741676358035,38.99641504817113
,699.9072974116893,263.7505494640209,1.369681599631486,doks-1.34.1-rocm-7.0.2-vllm-gpu-01234567-mi325,2026-02-24,249.31871349690482,39.58553184922693,14,openai,364.0,350.6384895056604,2026-02-25 01:01:31.433000,10.221353637054563,39.07071565067871,http://llama-vllm1.default.svc.cluster.local:80,40.023160642012954,10000.0,14,0.16596315565423367,meta-llama/Llama-3.1-70B-Instruct,2.7835797323602054,14,Llama-3.1-70B-Instruct_vllm_20260225_2,,0,,51.607797580390084,meta-llama/Llama-3.1-70B-Instruct,39.035924535710365,267.4699155089911,3584,openai,1.0,3570,39.0247935392693,39.07071320311994
,702.5164116587351,261.58567948732525,1.374787498353689,doks-1.34.1-rocm-7.0.2-vllm-gpu-01234567-mi325,2026-02-24,247.55978020506777,39.436013011366825,14,openai,364.0,351.9455995785444,2026-02-25 01:02:02.573000,10.183391990954988,38.92439235232025,http://llama-vllm2.default.svc.cluster.local:80,39.99480372178368,10000.0,14,0.16491530162371074,meta-llama/Llama-3.1-70B-Instruct,2.7777947730906742,14,Llama-3.1-70B-Instruct_vllm_20260225_2,,0,,50.99036933684305,meta-llama/Llama-3.1-70B-Instruct,38.86553453048691,266.31791944266297,3584,openai,1.0,3570,38.879009066423514,38.92439083618188
,700.0156458293126,261.75708550726995,1.369893631759907,doks-1.34.1-rocm-7.0.2-vllm-gpu-01234567-mi325,2026-02-24,248.24484600685537,39.57370500973262,14,openai,364.0,350.6927697305362,2026-02-25 01:02:33.001000,10.219771575997584,39.06268590444266,http://llama-vllm3.default.svc.cluster.local:80,40.169510433915995,10000.0,14,0.16473472273352915,meta-llama/Llama-3.1-70B-Instruct,2.7853261720285025,14,Llama-3.1-70B-Instruct_vllm_20260225_2,,0,,51.05577063090388,meta-llama/Llama-3.1-70B-Instruct,39.006472448818386,267.3825728148222,3584,openai,1.0,3570,39.017170190117234,39.062683814543064
,699.3592015204613,261.03693805634975,1.3686090049324096,doks-1.34.1-rocm-7.0.2-vllm-gpu-01234567-mi325,2026-02-24,246.8590851557175,39.61883421790074,14,openai,364.0,350.36390526269685,2026-02-25 01:03:03.905000,10.229364230064675,39.10994376887434,http://llama-vllm4.default.svc.cluster.local:80,40.50958951585926,10000.0,14,0.1640471473153486,meta-llama/Llama-3.1-70B-Instruct,2.793410399455102,14,Llama-3.1-70B-Instruct_vllm_20260225_2,,0,,51.239429721766555,meta-llama/Llama-3.1-70B-Instruct,39.06349401222542,264.4100740586873,3584,openai,1.0,3570,39.06505144105348,39.10994156099418
,699.2937923688745,261.2849564757198,1.368481002678815,doks-1.34.1-rocm-7.0.2-vllm-gpu-01234567-mi325,2026-02-24,247.23467027901538,39.62685041015456,14,openai,364.0,350.33113668577664,2026-02-25 01:03:35.433000,10.230321043985896,39.113040645645945,http://llama-vllm5.default.svc.cluster.local:80,40.02534551080316,10000.0,14,0.1655935676190042,meta-llama/Llama-3.1-70B-Instruct,2.7906297441236365,14,Llama-3.1-70B-Instruct_vllm_20260225_2,,0,,51.494416447800994,meta-llama/Llama-3.1-70B-Instruct,39.06535403802991,265.6581232883036,3584,openai,1.0,3570,39.06673289625449,39.11303877895723
,692.9539038765561,261.174815997947,1.3560741758836714,doks-1.34.1-rocm-7.0.2-vllm-gpu-01234567-mi325,2026-02-24,246.99660298314743,39.98795159342334,14,openai,364.0,347.1549890262199,2026-02-25 01:04:06.502000,10.323919037007727,39.47970149944033,http://llama-vllm6.default.svc.cluster.local:80,40.39976121392101,10000.0,14,0.16383074672006703,meta-llama/Llama-3.1-70B-Instruct,2.758018918634549,14,Llama-3.1-70B-Instruct_vllm_20260225_2,,0,,51.124827200750794,meta-llama/Llama-3.1-70B-Instruct,39.42238795571029,265.4248399438802,3584,openai,1.0,3570,39.43424955508033,39.479700261687846
,700.8617633707804,262.67047005239874,1.371549439081762,doks-1.34.1-rocm-7.0.2-vllm-gpu-01234567-mi325,2026-02-24,249.0767149221418,39.52946707044783,14,openai,364.0,351.11665640493106,2026-02-25 01:04:36.900000,10.207433725008741,39.01502362883543,http://llama-vllm7.default.svc.cluster.local:80,40.100879311794415,10000.0,14,0.16586892285575383,meta-llama/Llama-3.1-70B-Instruct,2.793802661491813,14,Llama-3.1-70B-Instruct_vllm_20260225_2,,0,,51.44608553044947,meta-llama/Llama-3.1-70B-Instruct,38.96339645143598,267.39137891912833,3584,openai,1.0,3570,38.96906950794087,39.01502235961494
,803.4809235508837,267.6428420236334,1.5723697134068175,doks-1.34.1-rocm-7.0.2-vllm-gpu-01234567-mi325,2026-02-24,254.29987387906294,39.39032578496171,16,openai,416.0,402.5266466321453,2026-02-25 01:05:07.331000,10.17572385398671,38.86490404998482,http://llama-vllm0.default.svc.cluster.local:80,40.52319415961392,10000.0,16,0.16138253746364928,meta-llama/Llama-3.1-70B-Instruct,2.776646952603355,16,Llama-3.1-70B-Instruct_vllm_20260225_2,,0,,49.50843852477623,meta-llama/Llama-3.1-70B-Instruct,38.81038899999112,272.6961977954488,4096,openai,1.0,4080,38.82363096870226,38.864901900980804
,801.8610302395721,263.0195649689995,1.5691996677878124,doks-1.34.1-rocm-7.0.2-vllm-gpu-01234567-mi325,2026-02-24,249.05657443014206,39.488354560818664,16,openai,416.0,401.71511495368,2026-02-25 01:05:38.575000,10.196280517033301,38.972623256610376,http://llama-vllm1.default.svc.cluster.local:80,40.19262524088845,10000.0,16,0.15843819030473053,meta-llama/Llama-3.1-70B-Instruct,2.690829409055515,16,Llama-3.1-70B-Instruct_vllm_20260225_2,,0,,49.353504405172785,meta-llama/Llama-3.1-70B-Instruct,38.90111902728677,265.94196858932264,4096,openai,1.0,4080,38.931891939137124,38.9726218345744
,804.7027200171348,267.0618210104294,1.5747607045345102,doks-1.34.1-rocm-7.0.2-vllm-gpu-01234567-mi325,2026-02-24,253.08783262153156,39.32367850987551,16,openai,416.0,403.1387403608346,2026-02-25 01:06:08.624000,10.160273846006021,38.80644290592161,http://llama-vllm2.default.svc.cluster.local:80,39.97638855711557,10000.0,16,0.15890433131654175,meta-llama/Llama-3.1-70B-Instruct,2.699164680589293,16,Llama-3.1-70B-Instruct_vllm_20260225_2,,0,,49.0668823226442,meta-llama/Llama-3.1-70B-Instruct,38.78603549674153,271.4526309224311,4096,openai,1.0,4080,38.76539307267533,38.80644126129838
,801.5344888401992,268.1816979893483,1.5685606435228947,doks-1.34.1-rocm-7.0.2-vllm-gpu-01234567-mi325,2026-02-24,255.06852768012322,39.47394688369469,16,openai,416.0,401.55152474186104,2026-02-25 01:06:39.892000,10.200434433994815,38.953559981589436,http://llama-vllm3.default.svc.cluster.local:80,40.132838785648346,10000.0,16,0.15986338756627935,meta-llama/Llama-3.1-70B-Instruct,2.6959599497832483,16,Llama-3.1-70B-Instruct_vllm_20260225_2,,0,,49.119581490460924,meta-llama/Llama-3.1-70B-Instruct,38.87652500998229,274.1957505175378,4096,openai,1.0,4080,38.912349168722535,38.953558351746395
,802.1952761329595,265.17098146723583,1.5698537693404295,doks-1.34.1-rocm-7.0.2-vllm-gpu-01234567-mi325,2026-02-24,252.17035719106207,39.45350812576876,16,openai,416.0,401.88256495114996,2026-02-25 01:07:10.884000,10.192032093997113,38.940007641213015,http://llama-vllm4.default.svc.cluster.local:80,39.99040381750092,10000.0,16,0.15778943682415003,meta-llama/Llama-3.1-70B-Instruct,2.64896539553532,16,Llama-3.1-70B-Instruct_vllm_20260225_2,,0,,48.87599898224816,meta-llama/Llama-3.1-70B-Instruct,38.8954560039565,269.9172518681735,4096,openai,1.0,4080,38.89985362172821,38.94000579976802
,801.3301049467294,266.5706400293857,1.5681606750425232,doks-1.34.1-rocm-7.0.2-vllm-gpu-01234567-mi325,2026-02-24,253.2020717553678,39.4984920713457,16,openai,416.0,401.44913281088594,2026-02-25 01:07:41.391000,10.203036113991402,38.97970818994936,http://llama-vllm5.default.svc.cluster.local:80,40.07062043296173,10000.0,16,0.15939535128356822,meta-llama/Llama-3.1-70B-Instruct,2.6921687177178812,16,Llama-3.1-70B-Instruct_vllm_20260225_2,,0,,49.56895749548891,meta-llama/Llama-3.1-70B-Instruct,38.92139298841357,270.54086755379103,4096,openai,1.0,4080,38.93872893520393,38.97970625908141
,794.3512511176954,265.6516170245595,1.554503426844805,doks-1.34.1-rocm-7.0.2-vllm-gpu-01234567-mi325,2026-02-24,252.4569633678766,39.85000592772849,16,openai,416.0,397.9528772722701,2026-02-25 01:08:12.436000,10.292675927048549,39.32946169484685,http://llama-vllm6.default.svc.cluster.local:80,40.89007873903029,10000.0,16,0.15987847049024181,meta-llama/Llama-3.1-70B-Instruct,2.710679842204364,16,Llama-3.1-70B-Instruct_vllm_20260225_2,,0,,49.29042742703854,meta-llama/Llama-3.1-70B-Instruct,39.269525033887476,270.295393653214,4096,openai,1.0,4080,39.288942993837686,39.3294600279107
,802.888595666863,268.87307001743466,1.571210559034957,doks-1.34.1-rocm-7.0.2-vllm-gpu-01234567-mi325,2026-02-24,255.6379628877039,39.40473715375251,16,openai,416.0,402.229903112949,2026-02-25 01:08:43.256000,10.18323095398955,38.88469684184825,http://llama-vllm7.default.svc.cluster.local:80,39.89052352611907,10000.0,16,0.1597705850871372,meta-llama/Llama-3.1-70B-Instruct,2.6859076634754637,16,Llama-3.1-70B-Instruct_vllm_20260225_2,,0,,49.07535351293164,meta-llama/Llama-3.1-70B-Instruct,38.819877489004284,274.5699369639624,4096,openai,1.0,4080,38.843712431159524,38.88469506614367
,834.6080018233656,269.1639179829508,1.633283760906782,doks-1.34.1-rocm-7.0.2-vllm-gpu-01234567-mi325,2026-02-24,257.354668328642,42.67786355177397,18,openai,432.0,418.1206427921362,2026-02-25 01:09:15.305000,11.020742647931911,42.16534187710359,http://llama-vllm0.default.svc.cluster.local:80,43.069514841772616,10000.0,18,0.15136058736272648,meta-llama/Llama-3.1-70B-Instruct,2.5256050043487264,18,Llama-3.1-70B-Instruct_vllm_20260225_2,,0,,47.28458129337733,meta-llama/Llama-3.1-70B-Instruct,42.12563397595659,274.3596385209821,4608,openai,1.0,4590,42.12857118999476,42.16533998285638
,831.1296807373988,270.56557597825304,1.6264768703275905,doks-1.34.1-rocm-7.0.2-vllm-gpu-01234567-mi325,2026-02-24,257.9229442635551,42.85232663906051,18,openai,432.0,416.37807880386316,2026-02-25 01:09:47.529000,11.066865031025372,42.33913166726958,http://llama-vllm1.default.svc.cluster.local:80,43.748580717947334,10000.0,18,0.15159281896543214,meta-llama/Llama-3.1-70B-Instruct,2.5880712017038223,18,Llama-3.1-70B-Instruct_vllm_20260225_2,,0,,47.25302353462772,meta-llama/Llama-3.1-70B-Instruct,42.2863865387626,276.0028277512174,4608,openai,1.0,4590,42.30238395679157,42.339129757525676
,834.8161491226632,267.522050999105,1.6336910941735092,doks-1.34.1-rocm-7.0.2-vllm-gpu-01234567-mi325,2026-02-24,255.12367716550622,42.66338872997656,18,openai,432.0,418.22492010841836,2026-02-25 01:10:18.685000,11.01799481199123,42.156400605133264,http://llama-vllm2.default.svc.cluster.local:80,43.45069708186201,10000.0,18,0.14979683095263163,meta-llama/Llama-3.1-70B-Instruct,2.51502804501,18,Llama-3.1-70B-Instruct_vllm_20260225_2,,0,,46.514321331022884,meta-llama/Llama-3.1-70B-Instruct,42.107214976567775,273.73845435562544,4608,openai,1.0,4590,42.11997396504397,42.15639863631937
,829.9953906461644,265.877335506957,1.6242571245521809,doks-1.34.1-rocm-7.0.2-vllm-gpu-01234567-mi325,2026-02-24,253.98374679369024,42.928160574866965,18,openai,432.0,415.8098238853583,2026-02-25 01:10:50.671000,11.081989253987558,42.4208374633119,http://llama-vllm3.default.svc.cluster.local:80,43.526849234476686,10000.0,18,0.1499677836838808,meta-llama/Llama-3.1-70B-Instruct,2.5219174810814096,18,Llama-3.1-70B-Instruct_vllm_20260225_2,,0,,47.13032148223334,meta-llama/Llama-3.1-70B-Instruct,42.35689353663474,270.9134830662515,4608,openai,1.0,4590,42.384529052822685,42.42083634214866
,833.3589970108205,267.0576159725897,1.6308395244830147,doks-1.34.1-rocm-7.0.2-vllm-gpu-01234567-mi325,2026-02-24,255.3675197996199,42.75181019487426,18,openai,432.0,417.49491826765177,2026-02-25 01:11:22.651000,11.037260091979988,42.24270013734711,http://llama-vllm4.default.svc.cluster.local:80,43.386040122713894,10000.0,18,0.15041440882514656,meta-llama/Llama-3.1-70B-Instruct,2.5176898042471025,18,Llama-3.1-70B-Instruct_vllm_20260225_2,,0,,47.252979109320535,meta-llama/Llama-3.1-70B-Instruct,42.198971030302346,271.3664602278732,4608,openai,1.0,4590,42.20638596292987,42.242697746901776
,831.5763138965082,267.98780605895445,1.6273509078209554,doks-1.34.1-rocm-7.0.2-vllm-gpu-01234567-mi325,2026-02-24,255.69028373704188,42.83579609368691,18,openai,432.0,416.6018324021646,2026-02-25 01:11:55.536000,11.06092110404279,42.32814179064832,http://llama-vllm5.default.svc.cluster.local:80,43.70699423714541,10000.0,18,0.15006659953071785,meta-llama/Llama-3.1-70B-Instruct,2.5536079653454613,18,Llama-3.1-70B-Instruct_vllm_20260225_2,,0,,46.9681008632264,meta-llama/Llama-3.1-70B-Instruct,42.27690101834014,272.8413932363037,4608,openai,1.0,4590,42.291800880247685,42.3281402542197
,824.3837071188896,269.3724104901776,1.6132753563970441,doks-1.34.1-rocm-7.0.2-vllm-gpu-01234567-mi325,2026-02-24,256.36680217252837,43.21285889519597,18,openai,432.0,412.9984912376433,2026-02-25 01:12:27.608000,11.157425747951493,42.70129503706604,http://llama-vllm6.default.svc.cluster.local:80,44.311551707796745,10000.0,18,0.15115151113224662,meta-llama/Llama-3.1-70B-Instruct,2.5423567128839326,18,Llama-3.1-70B-Instruct_vllm_20260225_2,,0,,47.21444329710754,meta-llama/Llama-3.1-70B-Instruct,42.63119900133461,273.3729110448621,4608,openai,1.0,4590,42.664776213567556,42.70129290694464
,835.8351121811138,267.6899380167015,1.6356851510393615,doks-1.34.1-rocm-7.0.2-vllm-gpu-01234567-mi325,2026-02-24,255.9025296359323,42.61282107339003,18,openai,432.0,418.73539866607655,2026-02-25 01:12:59.686000,11.004562821006402,42.1050802897104,http://llama-vllm7.default.svc.cluster.local:80,43.29421797650866,10000.0,18,0.14997011014581788,meta-llama/Llama-3.1-70B-Instruct,2.5280653112797054,18,Llama-3.1-70B-Instruct_vllm_20260225_2,,0,,46.99097670268587,meta-llama/Llama-3.1-70B-Instruct,42.06183349015191,274.51931014540605,4608,openai,1.0,4590,42.068697917777314,42.105078424960126
,925.1260045639756,281.926772557199,1.8104227095185432,doks-1.34.1-rocm-7.0.2-vllm-gpu-01234567-mi325,2026-02-24,269.7713602974545,42.765033465499684,20,openai,480.0,463.46821363674707,2026-02-25 01:13:30.682000,11.047143794014119,42.22169795774344,http://llama-vllm0.default.svc.cluster.local:80,43.590231171110645,10000.0,20,0.15561643115020787,meta-llama/Llama-3.1-70B-Instruct,2.6389657456621163,20,Llama-3.1-70B-Instruct_vllm_20260225_2,,0,,48.144773659218664,meta-llama/Llama-3.1-70B-Instruct,42.15625795768574,286.02418985334225,5120,openai,1.0,5100,42.18528695317789,42.22169629727289
,921.0286890712907,281.8994055269286,1.802404479591567,doks-1.34.1-rocm-7.0.2-vllm-gpu-01234567-mi325,2026-02-24,270.0435245933477,42.954271940263354,20,openai,480.0,461.41554677544116,2026-02-25 01:14:03.191000,11.09628844494,42.40971929845674,http://llama-vllm1.default.svc.cluster.local:80,43.89185033272952,10000.0,20,0.1560336814579379,meta-llama/Llama-3.1-70B-Instruct,2.6545008527215708,20,Llama-3.1-70B-Instruct_vllm_20260225_2,,0,,47.963194847996625,meta-llama/Llama-3.1-70B-Instruct,42.36129898345098,286.4329700556118,5120,openai,1.0,5100,42.37448395499229,42.4097173965043
,925.751347698083,281.7662210436538,1.8116464729903776,doks-1.34.1-rocm-7.0.2-vllm-gpu-01234567-mi325,2026-02-24,269.6488523564767,42.72813075780868,20,openai,480.0,463.78149708553667,2026-02-25 01:14:34.746000,11.039681471069343,42.187839640035094,http://llama-vllm2.default.svc.cluster.local:80,43.35945268510841,10000.0,20,0.1547227748951862,meta-llama/Llama-3.1-70B-Instruct,2.5998433226115805,20,Llama-3.1-70B-Instruct_vllm_20260225_2,,0,,47.77434399752552,meta-llama/Llama-3.1-70B-Instruct,42.13406296912581,287.53505466040224,5120,openai,1.0,5100,42.152537400012505,42.187838297812085
,920.855355573658,280.89735098183155,1.8020652750952213,doks-1.34.1-rocm-7.0.2-vllm-gpu-01234567-mi325,2026-02-24,268.83353400044143,42.97131660460111,20,openai,480.0,461.32871042437665,2026-02-25 01:15:06.539000,11.098377110087313,42.425155319597614,http://llama-vllm3.default.svc.cluster.local:80,43.5644109279383,10000.0,20,0.15652851286339625,meta-llama/Llama-3.1-70B-Instruct,2.628074093449386,20,Llama-3.1-70B-Instruct_vllm_20260225_2,,0,,47.971865074929404,meta-llama/Llama-3.1-70B-Instruct,42.38283995073289,286.4915790804662,5120,openai,1.0,5100,42.3896466703702,42.425153979954
,922.4218439393638,282.5059599708766,1.8051308100574635,doks-1.34.1-rocm-7.0.2-vllm-gpu-01234567-mi325,2026-02-24,270.4748467891477,42.88865139561833,20,openai,480.0,462.11348737471064,2026-02-25 01:15:37.649000,11.079529465991072,42.344059157824404,http://llama-vllm4.default.svc.cluster.local:80,43.63341829041019,10000.0,20,0.15602289080021411,meta-llama/Llama-3.1-70B-Instruct,2.6227621190089843,20,Llama-3.1-70B-Instruct_vllm_20260225_2,,0,,47.92004420930156,meta-llama/Llama-3.1-70B-Instruct,42.27909300243482,288.52546409587376,5120,openai,1.0,5100,42.309735088344375,42.34405706563563
,921.6762758220436,283.61030045198277,1.803671772645878,doks-1.34.1-rocm-7.0.2-vllm-gpu-01234567-mi325,2026-02-24,270.9004600998014,42.91150785022068,20,openai,480.0,461.73997379734476,2026-02-25 01:16:08.996000,11.088491988019086,42.37175638908429,http://llama-vllm5.default.svc.cluster.local:80,43.60891764285043,10000.0,20,0.15463538394350151,meta-llama/Llama-3.1-70B-Instruct,2.608719024175172,20,Llama-3.1-70B-Instruct_vllm_20260225_2,,0,,47.77905253412566,meta-llama/Llama-3.1-70B-Instruct,42.346868955064565,289.00566125288606,5120,openai,1.0,5100,42.33663066052923,42.37175491805115
,912.9137143219442,283.11774448957294,1.7865239027826698,doks-1.34.1-rocm-7.0.2-vllm-gpu-01234567-mi325,2026-02-24,271.120333095314,43.32855707065056,20,openai,480.0,457.3501191123635,2026-02-25 01:16:40.962000,11.194924382958561,42.787760049584044,http://llama-vllm6.default.svc.cluster.local:80,44.07490311539732,10000.0,20,0.1550166684721114,meta-llama/Llama-3.1-70B-Instruct,2.614412311629779,20,Llama-3.1-70B-Instruct_vllm_20260225_2,,0,,47.66351591106312,meta-llama/Llama-3.1-70B-Instruct,42.7478130441159,288.7180132220965,5120,openai,1.0,5100,42.75262531956804,42.78775870352618
,925.4865742803452,281.97280352469534,1.8111283254018498,doks-1.34.1-rocm-7.0.2-vllm-gpu-01234567-mi325,2026-02-24,269.7060939099174,42.748373072845496,20,openai,480.0,463.64885130287354,2026-02-25 01:17:12.988000,11.042839825036936,42.20278109268596,http://llama-vllm7.default.svc.cluster.local:80,43.61566117499024,10000.0,20,0.15632462138792397,meta-llama/Llama-3.1-70B-Instruct,2.6217924607588303,20,Llama-3.1-70B-Instruct_vllm_20260225_2,,0,,47.91423601672482,meta-llama/Llama-3.1-70B-Instruct,42.177941009867936,286.562836477533,5120,openai,1.0,5100,42.166899448927204,42.20277960950911
,1015.8871123552799,286.66498203529045,1.9880374018694322,doks-1.34.1-rocm-7.0.2-vllm-gpu-01234567-mi325,2026-02-24,275.620128991167,42.82335144335715,22,openai,528.0,508.93757487857465,2026-02-25 01:17:44.411000,11.066190193057992,42.27328122688504,http://llama-vllm0.default.svc.cluster.local:80,43.642574929399416,10000.0,22,0.15355517643421301,meta-llama/Llama-3.1-70B-Instruct,2.589800758046366,22,Llama-3.1-70B-Instruct_vllm_20260225_2,,0,,46.93081672472171,meta-llama/Llama-3.1-70B-Instruct,42.2069804626517,291.6131541179493,5632,openai,1.0,5610,42.23972759597625,42.27327947166986
,1011.983572891322,288.27619599178433,1.9803983813920194,doks-1.34.1-rocm-7.0.2-vllm-gpu-01234567-mi325,2026-02-24,276.67507322886115,42.97637247391429,22,openai,528.0,506.98198563635697,2026-02-25 01:18:16.048000,11.10887597501278,42.425770512445865,http://llama-vllm1.default.svc.cluster.local:80,43.86608453234658,10000.0,22,0.1539337727044048,meta-llama/Llama-3.1-70B-Instruct,2.5967165482624033,22,Llama-3.1-70B-Instruct_vllm_20260225_2,,0,,46.49628262632961,meta-llama/Llama-3.1-70B-Instruct,42.38082200754434,294.73259079270065,5632,openai,1.0,5610,42.3922604940576,42.425769339535556
,1017.1300341007113,285.6961354846135,1.9904697340522726,doks-1.34.1-rocm-7.0.2-vllm-gpu-01234567-mi325,2026-02-24,274.39458012072873,42.759629889190485,22,openai,528.0,509.5602519173818,2026-02-25 01:18:47.313000,11.052667430019937,42.21751287593233,http://llama-vllm2.default.svc.cluster.local:80,43.48396039684303,10000.0,22,0.15146069424557704,meta-llama/Llama-3.1-70B-Instruct,2.550312376071711,22,Llama-3.1-70B-Instruct_vllm_20260225_2,,0,,46.65052394706099,meta-llama/Llama-3.1-70B-Instruct,42.17600350966677,290.9580070374068,5632,openai,1.0,5610,42.18446267449169,42.217511251699946
,1010.5021875218761,289.0920685022138,1.9774993884968222,doks-1.34.1-rocm-7.0.2-vllm-gpu-01234567-mi325,2026-02-24,278.38868444616145,43.02987493580554,22,openai,528.0,506.2398434551865,2026-02-25 01:19:19.642000,11.125161468051374,42.484803461642365,http://llama-vllm3.default.svc.cluster.local:80,43.86389961000531,10000.0,22,0.1523817356666021,meta-llama/Llama-3.1-70B-Instruct,2.58812320900047,22,Llama-3.1-70B-Instruct_vllm_20260225_2,,0,,46.53834151575376,meta-llama/Llama-3.1-70B-Instruct,42.45075350627303,296.8876687285956,5632,openai,1.0,5610,42.451960931522954,42.48480195969794
,1011.7594040659252,287.0951544609852,1.9799596948452547,doks-1.34.1-rocm-7.0.2-vllm-gpu-01234567-mi325,2026-02-24,274.45246990960595,42.985907607319234,22,openai,528.0,506.8696818803852,2026-02-25 01:19:51.435000,11.1113372950349,42.4435353609642,http://llama-vllm4.default.svc.cluster.local:80,43.782972862245515,10000.0,22,0.15164122651672612,meta-llama/Llama-3.1-70B-Instruct,2.545110639803834,22,Llama-3.1-70B-Instruct_vllm_20260225_2,,0,,46.413913461334744,meta-llama/Llama-3.1-70B-Instruct,42.396354489028454,293.3779770473484,5632,openai,1.0,5610,42.41092477071409,42.44353380996349
,1011.800576034247,287.2858860064298,1.9800402662118337,doks-1.34.1-rocm-7.0.2-vllm-gpu-01234567-mi325,2026-02-24,275.7152945639312,42.990414809344294,22,openai,528.0,506.89030815022943,2026-02-25 01:20:24.068000,11.110885154921561,42.44340938553729,http://llama-vllm5.default.svc.cluster.local:80,43.88397397357039,10000.0,22,0.1528215226594544,meta-llama/Llama-3.1-70B-Instruct,2.6657762758669095,22,Llama-3.1-70B-Instruct_vllm_20260225_2,,0,,46.784366621785374,meta-llama/Llama-3.1-70B-Instruct,42.395522992592305,293.23459930252284,5632,openai,1.0,5610,42.41060712945411,42.44340753148321
,1001.6077167003439,287.7510949620046,1.9600933790613382,doks-1.34.1-rocm-7.0.2-vllm-gpu-01234567-mi325,2026-02-24,276.52441749391573,43.424142092954845,22,openai,528.0,501.7839050397026,2026-02-25 01:20:55.971000,11.22395506000612,42.880750871089134,http://llama-vllm6.default.svc.cluster.local:80,44.3725227471441,10000.0,22,0.15192443966201621,meta-llama/Llama-3.1-70B-Instruct,2.5575905939765136,22,Llama-3.1-70B-Instruct_vllm_20260225_2,,0,,46.518595529058594,meta-llama/Llama-3.1-70B-Instruct,42.83263097750023,294.17798827402294,5632,openai,1.0,5610,42.84757572139486,42.880749412826404
,1016.9417275878945,286.11029096646234,1.9901012281563493,doks-1.34.1-rocm-7.0.2-vllm-gpu-01234567-mi325,2026-02-24,273.9224798966792,42.77436768425191,22,openai,528.0,509.4659144080254,2026-02-25 01:21:27.958000,11.05471404606942,42.22753331587698,http://llama-vllm7.default.svc.cluster.local:80,43.53552928660065,10000.0,22,0.15281000022119004,meta-llama/Llama-3.1-70B-Instruct,2.5982567734575133,22,Llama-3.1-70B-Instruct_vllm_20260225_2,,0,,46.40021864649318,meta-llama/Llama-3.1-70B-Instruct,42.171210050582886,290.9495686960872,5632,openai,1.0,5610,42.19417542963306,42.2275317556834
,1106.721023857366,293.0800745380111,2.1657945672355496,doks-1.34.1-rocm-7.0.2-vllm-gpu-01234567-mi325,2026-02-24,282.61098462098744,42.84455025165031,24,openai,576.0,554.4434092123007,2026-02-25 01:21:59.077000,11.081383416079916,42.29602365833677,http://llama-vllm0.default.svc.cluster.local:80,44.201364173786715,10000.0,24,0.1502715404651839,meta-llama/Llama-3.1-70B-Instruct,2.5783300015989754,24,Llama-3.1-70B-Instruct_vllm_20260225_2,,0,,45.72048721058143,meta-llama/Llama-3.1-70B-Instruct,42.257692490238696,300.3834529686719,6144,openai,1.0,6120,42.264349121764745,42.29602243563348
,1103.69354404606,290.1580720208585,2.159869949209511,doks-1.34.1-rocm-7.0.2-vllm-gpu-01234567-mi325,2026-02-24,280.6043244781904,42.97330521767064,24,openai,576.0,552.9267069976348,2026-02-25 01:22:30.667000,11.11178013694007,42.42345967732926,http://llama-vllm1.default.svc.cluster.local:80,44.193918314995244,10000.0,24,0.15049934293188655,meta-llama/Llama-3.1-70B-Instruct,2.5478816828133293,24,Llama-3.1-70B-Instruct_vllm_20260225_2,,0,,45.80924218954083,meta-llama/Llama-3.1-70B-Instruct,42.36750298878178,298.32085029105656,6144,openai,1.0,6120,42.39137319405106,42.42345780146375
,1108.3518082516327,287.67684049671516,2.16898592612844,doks-1.34.1-rocm-7.0.2-vllm-gpu-01234567-mi325,2026-02-24,278.8136895057202,42.790890450005,24,openai,576.0,555.2603970888806,2026-02-25 01:23:02.434000,11.06507871299982,42.24688396030151,http://llama-vllm2.default.svc.cluster.local:80,43.86480348883197,10000.0,24,0.14913537620115688,meta-llama/Llama-3.1-70B-Instruct,2.525695449309601,24,Llama-3.1-70B-Instruct_vllm_20260225_2,,0,,45.210123686580765,meta-llama/Llama-3.1-70B-Instruct,42.19463450135663,295.6838286796119,6144,openai,1.0,6120,42.216083672418094,42.246882812735564
,1101.9406273610514,286.74546000547707,2.156439583876813,doks-1.34.1-rocm-7.0.2-vllm-gpu-01234567-mi325,2026-02-24,277.6288036596573,43.055546710500494,24,openai,576.0,552.0485334724641,2026-02-25 01:23:34.182000,11.129456247901544,42.511453017481344,http://llama-vllm3.default.svc.cluster.local:80,44.10863755270839,10000.0,24,0.14908101272568264,meta-llama/Llama-3.1-70B-Instruct,2.518222606316319,24,Llama-3.1-70B-Instruct_vllm_20260225_2,,0,,45.54723189018924,meta-llama/Llama-3.1-70B-Instruct,42.4422460491769,293.4825202275533,6144,openai,1.0,6120,42.48025430955321,42.51145197773273
,1104.9026223734672,287.89857850642875,2.162236051611482,doks-1.34.1-rocm-7.0.2-vllm-gpu-01234567-mi325,2026-02-24,278.3356756165934,42.93752353898176,24,openai,576.0,553.5324292125393,2026-02-25 01:24:06.474000,11.099620683002286,42.39436096840483,http://llama-vllm4.default.svc.cluster.local:80,43.90379357151687,10000.0,24,0.1488911587389997,meta-llama/Llama-3.1-70B-Instruct,2.5382977706706056,24,Llama-3.1-70B-Instruct_vllm_20260225_2,,0,,45.75158874198682,meta-llama/Llama-3.1-70B-Instruct,42.3334515071474,293.12854513758793,6144,openai,1.0,6120,42.36360604705873,42.394359770411285
,1104.9733853001449,289.75202195579186,2.1623745309200486,doks-1.34.1-rocm-7.0.2-vllm-gpu-01234567-mi325,2026-02-24,280.38104593482177,42.92573513860778,24,openai,576.0,553.5678799155324,2026-02-25 01:24:37.865000,11.098909858963452,42.37870473832765,http://llama-vllm5.default.svc.cluster.local:80,43.841920158592984,10000.0,24,0.14990452729406709,meta-llama/Llama-3.1-70B-Instruct,2.5246289469343197,24,Llama-3.1-70B-Instruct_vllm_20260225_2,,0,,45.798731110806855,meta-llama/Llama-3.1-70B-Instruct,42.34129446558654,297.03256052103825,6144,openai,1.0,6120,42.347413592049676,42.37870352488815
,1093.6977197753938,288.0302560515702,2.1403086492669154,doks-1.34.1-rocm-7.0.2-vllm-gpu-01234567-mi325,2026-02-24,278.60845447382115,43.38182932951525,24,openai,576.0,547.9190142123304,2026-02-25 01:25:10.143000,11.21333598694764,42.83810566417991,http://llama-vllm6.default.svc.cluster.local:80,44.1525462793652,10000.0,24,0.1490655011049762,meta-llama/Llama-3.1-70B-Instruct,2.504455328430901,24,Llama-3.1-70B-Instruct_vllm_20260225_2,,0,,45.67471118288359,meta-llama/Llama-3.1-70B-Instruct,42.7968529984355,293.83798518101685,6144,openai,1.0,6120,42.80737747447383,42.838104334439215
,1109.0722482441938,288.9771095360629,2.1703957891275807,doks-1.34.1-rocm-7.0.2-vllm-gpu-01234567-mi325,2026-02-24,279.2931337947569,42.757500017212486,24,openai,576.0,555.6213220166607,2026-02-25 01:25:41.409000,11.057890970958397,42.21214171028407,http://llama-vllm7.default.svc.cluster.local:80,43.537382669746876,10000.0,24,0.14944833667430715,meta-llama/Llama-3.1-70B-Instruct,2.5290409655541986,24,Llama-3.1-70B-Instruct_vllm_20260225_2,,0,,45.55614825994643,meta-llama/Llama-3.1-70B-Instruct,42.185025464277714,296.9340045878198,6144,openai,1.0,6120,42.18106505086682,42.21213978201263
,1189.1711020907492,295.4701444832608,2.3271450138762217,doks-1.34.1-rocm-7.0.2-vllm-gpu-01234567-mi325,2026-02-24,289.3178473817758,43.1817243087982,26,openai,624.0,595.7491235523128,2026-02-25 01:26:13.119000,11.172488110954873,42.61979339047311,http://llama-vllm0.default.svc.cluster.local:80,45.022817568387836,10000.0,26,0.15139783144672816,meta-llama/Llama-3.1-70B-Instruct,2.608003892416777,26,Llama-3.1-70B-Instruct_vllm_20260225_2,,0,,45.55350229971035,meta-llama/Llama-3.1-70B-Instruct,42.56627999711782,307.7045912796166,6656,openai,1.0,6630,42.589810113742146,42.61979237813391
,1185.1419826212496,297.8672794997692,2.3192602399633064,doks-1.34.1-rocm-7.0.2-vllm-gpu-01234567-mi325,2026-02-24,291.49368646232267,43.316240033349395,26,openai,624.0,593.7306214306064,2026-02-25 01:26:45.200000,11.210471145925112,42.753996276054366,http://llama-vllm1.default.svc.cluster.local:80,44.11755966953933,10000.0,26,0.15162971627284502,meta-llama/Llama-3.1-70B-Instruct,2.5659677239309278,26,Llama-3.1-70B-Instruct_vllm_20260225_2,,0,,45.63835748631393,meta-llama/Llama-3.1-70B-Instruct,42.70673403516412,311.7636892129667,6656,openai,1.0,6630,42.723678584283626,42.75399446624385
,1191.5571660447167,302.31053550960496,2.3318144149603066,doks-1.34.1-rocm-7.0.2-vllm-gpu-01234567-mi325,2026-02-24,291.27546657288735,43.088986829617156,26,openai,624.0,596.9444902298385,2026-02-25 01:27:16.324000,11.150115477968939,42.52462759636817,http://llama-vllm2.default.svc.cluster.local:80,44.31338013149798,10000.0,26,0.15238173760479945,meta-llama/Llama-3.1-70B-Instruct,2.587029501643291,26,Llama-3.1-70B-Instruct_vllm_20260225_2,,0,,45.58226981737499,meta-llama/Llama-3.1-70B-Instruct,42.48465597629547,309.6583675360307,6656,openai,1.0,6630,42.49451445488661,42.524626364911796
,1185.7460208808318,296.5464199660346,2.320442310921393,doks-1.34.1-rocm-7.0.2-vllm-gpu-01234567-mi325,2026-02-24,289.49500614544377,43.31658287647217,26,openai,624.0,594.0332315958766,2026-02-25 01:27:48.610000,11.20476035005413,42.75186169582811,http://llama-vllm3.default.svc.cluster.local:80,44.42854357184842,10000.0,26,0.15233974438264714,meta-llama/Llama-3.1-70B-Instruct,2.5732238407895593,26,Llama-3.1-70B-Instruct_vllm_20260225_2,,0,,45.74510869857817,meta-llama/Llama-3.1-70B-Instruct,42.678784928284585,306.5675357647706,6656,openai,1.0,6630,42.721669213599796,42.75186051643379
,1187.781864994128,297.37097898032516,2.324426350282051,doks-1.34.1-rocm-7.0.2-vllm-gpu-01234567-mi325,2026-02-24,290.13809291735436,43.22844820174699,26,openai,624.0,595.053145672205,2026-02-25 01:28:20.457000,11.185555522912182,42.674998989624434,http://llama-vllm4.default.svc.cluster.local:80,44.3064163858071,10000.0,26,0.14936980619287507,meta-llama/Llama-3.1-70B-Instruct,2.569051817994744,26,Llama-3.1-70B-Instruct_vllm_20260225_2,,0,,45.755804285334655,meta-llama/Llama-3.1-70B-Instruct,42.6286089932546,307.03099674428813,6656,openai,1.0,6630,42.64493740172874,42.67499781960655
,1188.8250511134804,297.44383197976276,2.3264678103982006,doks-1.34.1-rocm-7.0.2-vllm-gpu-01234567-mi325,2026-02-24,290.4435692471452,43.20099755674235,26,openai,624.0,595.5757594619394,2026-02-25 01:28:52.989000,11.175740271923132,42.63582664059382,http://llama-vllm5.default.svc.cluster.local:80,44.05095086316578,10000.0,26,0.15250296876223035,meta-llama/Llama-3.1-70B-Instruct,2.574286613474665,26,Llama-3.1-70B-Instruct_vllm_20260225_2,,0,,45.86296348245762,meta-llama/Llama-3.1-70B-Instruct,42.59772493969649,308.0745744809974,6656,openai,1.0,6630,42.605622306091746,42.63582538736444
,1175.767933759584,296.97043099440634,2.300915721643021,doks-1.34.1-rocm-7.0.2-vllm-gpu-01234567-mi325,2026-02-24,289.01715947386737,43.68254549495474,26,openai,624.0,589.0344247406134,2026-02-25 01:29:24.664000,11.29984890599735,43.128844307680076,http://llama-vllm6.default.svc.cluster.local:80,44.80975974583998,10000.0,26,0.14940814968991706,meta-llama/Llama-3.1-70B-Instruct,2.5378246321379385,26,Llama-3.1-70B-Instruct_vllm_20260225_2,,0,,45.69308256263275,meta-llama/Llama-3.1-70B-Instruct,43.0684780003503,304.9785857729148,6656,openai,1.0,6630,43.0998708961495,43.128842558342335
,1188.152827068835,295.16824800521135,2.325152303461517,doks-1.34.1-rocm-7.0.2-vllm-gpu-01234567-mi325,2026-02-24,288.62718780650397,43.2171559627807,26,openai,624.0,595.2389896861483,2026-02-25 01:29:56.454000,11.182063197018579,42.65689552048021,http://llama-vllm7.default.svc.cluster.local:80,44.366817254340276,10000.0,26,0.151225866556196,meta-llama/Llama-3.1-70B-Instruct,2.603762893931897,26,Llama-3.1-70B-Instruct_vllm_20260225_2,,0,,45.23831521986513,meta-llama/Llama-3.1-70B-Instruct,42.59774350794032,307.9603304504417,6656,openai,1.0,6630,42.626808743065624,42.656894204969525
,1276.8043365687572,318.63600603537634,2.4986386234222255,doks-1.34.1-rocm-7.0.2-vllm-gpu-01234567-mi325,2026-02-24,311.5977139012622,43.26709714451549,28,openai,672.0,639.6514875960897,2026-02-25 01:30:28.297000,11.206102290074341,42.6647286942843,http://llama-vllm0.default.svc.cluster.local:80,44.41751432954334,10000.0,28,0.1606123809775052,meta-llama/Llama-3.1-70B-Instruct,2.7213104810092554,28,Llama-3.1-70B-Instruct_vllm_20260225_2,,0,,47.497266085794124,meta-llama/Llama-3.1-70B-Instruct,42.641724459826946,330.33399419044144,7168,openai,1.0,7140,42.633762644996466,42.66472743610207
,1273.1547203211715,317.74699699599296,2.4914965172625667,doks-1.34.1-rocm-7.0.2-vllm-gpu-01234567-mi325,2026-02-24,310.4024183038356,43.3977617336364,28,openai,672.0,637.8231084192171,2026-02-25 01:31:00.669000,11.23822562303394,42.80072625704287,http://llama-vllm1.default.svc.cluster.local:80,44.283961517503485,10000.0,28,0.1592482865516634,meta-llama/Llama-3.1-70B-Instruct,2.6716575756397067,28,Llama-3.1-70B-Instruct_vllm_20260225_2,,0,,47.31786142577207,meta-llama/Llama-3.1-70B-Instruct,42.77662746608257,327.9903260373976,7168,openai,1.0,7140,42.77014679403282,42.80072474874704
,1279.280776208357,314.03271900489926,2.5034848849478615,doks-1.34.1-rocm-7.0.2-vllm-gpu-01234567-mi325,2026-02-24,307.17161029211377,43.19014612277148,28,openai,672.0,640.8921305466525,2026-02-25 01:31:32.981000,11.184409447945654,42.59459907864025,http://llama-vllm2.default.svc.cluster.local:80,44.38985840650275,10000.0,28,0.15882691949504202,meta-llama/Llama-3.1-70B-Instruct,2.668520841008745,28,Llama-3.1-70B-Instruct_vllm_20260225_2,,0,,47.02806901026441,meta-llama/Llama-3.1-70B-Instruct,42.54888946888968,326.6780023695901,7168,openai,1.0,7140,42.56376885493998,42.59459788298642
,1271.754197952531,324.03576449723914,2.4887557689873407,doks-1.34.1-rocm-7.0.2-vllm-gpu-01234567-mi325,2026-02-24,313.5736698958291,43.441016705227355,28,openai,672.0,637.1214768607592,2026-02-25 01:32:04.329000,11.250601746025495,42.84012172689417,http://llama-vllm3.default.svc.cluster.local:80,44.320886034984134,10000.0,28,0.16034226789978837,meta-llama/Llama-3.1-70B-Instruct,2.7066922302988696,28,Llama-3.1-70B-Instruct_vllm_20260225_2,,0,,47.70483245599884,meta-llama/Llama-3.1-70B-Instruct,42.81775205163285,330.9225089917891,7168,openai,1.0,7140,42.80949109393702,42.84012054284926
,1274.4581544643866,319.9089210247621,2.494047269010541,doks-1.34.1-rocm-7.0.2-vllm-gpu-01234567-mi325,2026-02-24,309.8740939001021,43.34605631037323,28,openai,672.0,638.4761008666985,2026-02-25 01:32:36.469000,11.226731885923073,42.75877480700036,http://llama-vllm4.default.svc.cluster.local:80,44.33577579795383,10000.0,28,0.15665800337144775,meta-llama/Llama-3.1-70B-Instruct,2.6693471668433273,28,Llama-3.1-70B-Instruct_vllm_20260225_2,,0,,47.0338708645279,meta-llama/Llama-3.1-70B-Instruct,42.708468972705305,326.2981260381639,7168,openai,1.0,7140,42.728719074626035,42.758773183300114
,1274.9491487865155,323.42045847326517,2.495008118955999,doks-1.34.1-rocm-7.0.2-vllm-gpu-01234567-mi325,2026-02-24,313.49337080609985,43.3237898750459,28,openai,672.0,638.7220784527358,2026-02-25 01:33:08.530000,11.222408371046185,42.72750070503149,http://llama-vllm5.default.svc.cluster.local:80,44.436135176802054,10000.0,28,0.15889721040789487,meta-llama/Llama-3.1-70B-Instruct,2.722535342932245,28,Llama-3.1-70B-Instruct_vllm_20260225_2,,0,,47.77194743995131,meta-llama/Llama-3.1-70B-Instruct,42.73017850937322,330.1621510810219,7168,openai,1.0,7140,42.6974695098276,42.72749915405005
,1264.6490063706094,314.65927901444957,2.4748512844826016,doks-1.34.1-rocm-7.0.2-vllm-gpu-01234567-mi325,2026-02-24,307.65772008037726,43.70942227261177,28,openai,672.0,633.561928827546,2026-02-25 01:33:40.656000,11.31381112698,43.11095834318392,http://llama-vllm6.default.svc.cluster.local:80,44.61656212806702,10000.0,28,0.15975854916220708,meta-llama/Llama-3.1-70B-Instruct,2.6770065321691323,28,Llama-3.1-70B-Instruct_vllm_20260225_2,,0,,47.40282269615469,meta-llama/Llama-3.1-70B-Instruct,43.05606643902138,324.96617393102497,7168,openai,1.0,7140,43.08007172144511,43.11095677188687
,1280.4929974666925,313.5815135319717,2.5058571378995937,doks-1.34.1-rocm-7.0.2-vllm-gpu-01234567-mi325,2026-02-24,307.517971885058,43.15627046875364,28,openai,672.0,641.499427302296,2026-02-25 01:34:11.832000,11.173821354983374,42.55801758905664,http://llama-vllm7.default.svc.cluster.local:80,44.308672207407646,10000.0,28,0.15975711508368515,meta-llama/Llama-3.1-70B-Instruct,2.7092653486689238,28,Llama-3.1-70B-Instruct_vllm_20260225_2,,0,,47.5906616331585,meta-llama/Llama-3.1-70B-Instruct,42.52094298135489,324.8098976665642,7168,openai,1.0,7140,42.52878644129297,42.558016466121614
,1365.803567939982,315.78767753671855,2.6728054167122934,doks-1.34.1-rocm-7.0.2-vllm-gpu-01234567-mi325,2026-02-24,310.5916556320153,43.32169899084678,30,openai,720.0,684.2381866783471,2026-02-25 01:34:43.940000,11.224161628982984,42.73737414049143,http://llama-vllm0.default.svc.cluster.local:80,44.338728309376165,10000.0,30,0.15477198110091914,meta-llama/Llama-3.1-70B-Instruct,2.6107085472692932,30,Llama-3.1-70B-Instruct_vllm_20260225_2,,0,,46.1128148887095,meta-llama/Llama-3.1-70B-Instruct,42.69901796942577,329.1373541543726,7680,openai,1.0,7650,42.70911589607268,42.737372814908966
,1363.7910589357195,313.3998339762911,2.668867042927044,doks-1.34.1-rocm-7.0.2-vllm-gpu-01234567-mi325,2026-02-24,307.8845542273484,43.40108489239242,30,openai,720.0,683.2299629893232,2026-02-25 01:35:15.988000,11.24072481598705,42.816982463236556,http://llama-vllm1.default.svc.cluster.local:80,44.8443000507541,10000.0,30,0.15464585223679878,meta-llama/Llama-3.1-70B-Instruct,2.6476856297100513,30,Llama-3.1-70B-Instruct_vllm_20260225_2,,0,,46.04484413664719,meta-llama/Llama-3.1-70B-Instruct,42.803740478120744,326.37800342054106,7680,openai,1.0,7650,42.78876635898818,42.81698134303203
,1368.3463309952942,314.9003895232454,2.67778146965811,doks-1.34.1-rocm-7.0.2-vllm-gpu-01234567-mi325,2026-02-24,309.52174100481596,43.245016157394275,30,openai,720.0,685.5120562324762,2026-02-25 01:35:48.493000,11.20330405596178,42.66489920801379,http://llama-vllm2.default.svc.cluster.local:80,44.260581565322354,10000.0,30,0.1534560698567917,meta-llama/Llama-3.1-70B-Instruct,2.63360023007407,30,Llama-3.1-70B-Instruct_vllm_20260225_2,,0,,45.86740183529873,meta-llama/Llama-3.1-70B-Instruct,42.61279647471383,326.6308151278645,7680,openai,1.0,7650,42.63607098643357,42.6648977840794
,1361.3949899085583,321.83177350088954,2.6641780624433626,doks-1.34.1-rocm-7.0.2-vllm-gpu-01234567-mi325,2026-02-24,311.8220058347409,43.46893228563096,30,openai,720.0,682.0295839855008,2026-02-25 01:36:20.370000,11.26050860597752,42.88321916755058,http://llama-vllm3.default.svc.cluster.local:80,45.20349710481243,10000.0,30,0.15502967886473365,meta-llama/Llama-3.1-70B-Instruct,2.657542428696193,30,Llama-3.1-70B-Instruct_vllm_20260225_2,,0,,46.71938746233724,meta-llama/Llama-3.1-70B-Instruct,42.8535119863227,327.7664920827374,7680,openai,1.0,7650,42.85451037439463,42.883217924052325
,1364.1282112049103,310.4246889706701,2.6695268321035424,doks-1.34.1-rocm-7.0.2-vllm-gpu-01234567-mi325,2026-02-24,306.0765538015403,43.380035977235394,30,openai,720.0,683.3988690185068,2026-02-25 01:36:53.308000,11.237946605077013,42.80172388055636,http://llama-vllm4.default.svc.cluster.local:80,45.02664430416189,10000.0,30,0.1530557182630912,meta-llama/Llama-3.1-70B-Instruct,2.6196620686203387,30,Llama-3.1-70B-Instruct_vllm_20260225_2,,0,,45.38789740332719,meta-llama/Llama-3.1-70B-Instruct,42.76208154624328,326.56859528739005,7680,openai,1.0,7650,42.773998417781996,42.801722581452665
,1364.4770449870934,315.63076545717195,2.6702094813837447,doks-1.34.1-rocm-7.0.2-vllm-gpu-01234567-mi325,2026-02-24,309.77610406310606,43.3720330023572,30,openai,720.0,683.5736272342386,2026-02-25 01:37:24.956000,11.235073580988683,42.77813563552484,http://llama-vllm5.default.svc.cluster.local:80,44.596190465381376,10000.0,30,0.15690152091266518,meta-llama/Llama-3.1-70B-Instruct,2.6393431722771954,30,Llama-3.1-70B-Instruct_vllm_20260225_2,,0,,46.14633907677574,meta-llama/Llama-3.1-70B-Instruct,42.73963050218299,328.6490600218531,7680,openai,1.0,7650,42.74886522542539,42.778133643148884
,1350.6347662812332,314.07018849859014,2.643120873348793,doks-1.34.1-rocm-7.0.2-vllm-gpu-01234567-mi325,2026-02-24,307.7314738999121,43.830155043155145,30,openai,720.0,676.638943577291,2026-02-25 01:37:56.269000,11.35021871398203,43.2494578066775,http://llama-vllm6.default.svc.cluster.local:80,46.48136907373556,10000.0,30,0.15371793103069442,meta-llama/Llama-3.1-70B-Instruct,2.6647596491085954,30,Llama-3.1-70B-Instruct_vllm_20260225_2,,0,,46.0858635261357,meta-llama/Llama-3.1-70B-Instruct,43.227233458310366,325.0521263096016,7680,openai,1.0,7650,43.22072075287282,43.24945644390301
,1365.0127609300755,314.63959492975846,2.6712578491782297,doks-1.34.1-rocm-7.0.2-vllm-gpu-01234567-mi325,2026-02-24,308.7980735387343,43.350475738441354,30,openai,720.0,683.8420093896268,2026-02-25 01:38:28.698000,11.230664239032194,42.77021698166732,http://llama-vllm7.default.svc.cluster.local:80,45.053740106523044,10000.0,30,0.1536594180227178,meta-llama/Llama-3.1-70B-Instruct,2.635122556092913,30,Llama-3.1-70B-Instruct_vllm_20260225_2,,0,,45.701491256147115,meta-llama/Llama-3.1-70B-Instruct,42.70881100092083,327.2774348407984,7680,openai,1.0,7650,42.74195708224879,42.77021562400596
,1456.2074507073548,357.33765247277915,2.849721038566252,doks-1.34.1-rocm-7.0.2-vllm-gpu-01234567-mi325,2026-02-24,350.42236521621817,43.1498237640743,32,openai,768.0,729.5285858729605,2026-02-25 01:39:00.926000,11.229169300058857,42.59054195649429,http://llama-vllm0.default.svc.cluster.local:80,44.596713691717014,10000.0,32,0.1471970411171132,meta-llama/Llama-3.1-70B-Instruct,2.6230558824494405,32,Llama-3.1-70B-Instruct_vllm_20260225_2,,0,,51.2761570259699,meta-llama/Llama-3.1-70B-Instruct,42.557701002806425,370.79356061294675,8192,openai,1.0,8160,42.56424039383145,42.59054063603638
,1453.9179267861944,390.184412477538,2.8452405612254297,doks-1.34.1-rocm-7.0.2-vllm-gpu-01234567-mi325,2026-02-24,312.45125316490885,43.43254158719826,32,openai,768.0,728.38158367371,2026-02-25 01:39:33.190000,11.24685217696242,42.763022353799045,http://llama-vllm1.default.svc.cluster.local:80,44.23717790399678,10000.0,32,0.37149994119922336,meta-llama/Llama-3.1-70B-Instruct,7.1303734530108995,32,Llama-3.1-70B-Instruct_vllm_20260225_2,,0,,112.1960796041477,meta-llama/Llama-3.1-70B-Instruct,42.52022597938776,400.84388414630666,8192,openai,1.0,8160,42.49723486456217,42.76302107524209
,1459.9240484906686,353.95287547726184,2.856994224052189,doks-1.34.1-rocm-7.0.2-vllm-gpu-01234567-mi325,2026-02-24,347.5393733315286,43.06899864667132,32,openai,768.0,731.3905213573604,2026-02-25 01:40:05.407000,11.20058267202694,42.500889701106786,http://llama-vllm2.default.svc.cluster.local:80,44.30058740545064,10000.0,32,0.14963533446128352,meta-llama/Llama-3.1-70B-Instruct,2.607911337226741,32,Llama-3.1-70B-Instruct_vllm_20260225_2,,0,,51.82706117705558,meta-llama/Llama-3.1-70B-Instruct,42.44351293891668,365.7570759917144,8192,openai,1.0,8160,42.47404438621528,42.50088851777929
,1450.2004749921443,356.00724699907005,2.8379657044856055,doks-1.34.1-rocm-7.0.2-vllm-gpu-01234567-mi325,2026-02-24,348.9791546489869,43.343209250830114,32,openai,768.0,726.519220348315,2026-02-25 01:40:37.696000,11.275682419072837,42.77514972760829,http://llama-vllm3.default.svc.cluster.local:80,44.51115242089144,10000.0,32,0.14959057428348177,meta-llama/Llama-3.1-70B-Instruct,2.627507558956286,32,Llama-3.1-70B-Instruct_vllm_20260225_2,,0,,51.487516269213884,meta-llama/Llama-3.1-70B-Instruct,42.73217759327963,371.1125908244867,8192,openai,1.0,8160,42.748515084431524,42.77514855863296
,1452.7224046252989,361.03907407959923,2.842900987525047,doks-1.34.1-rocm-7.0.2-vllm-gpu-01234567-mi325,2026-02-24,339.7655261433101,43.53290426664456,32,openai,768.0,727.782652806412,2026-02-25 01:41:09.404000,11.256107806926593,42.730995780441965,http://llama-vllm4.default.svc.cluster.local:80,44.683712786063545,10000.0,32,0.2537751006963875,meta-llama/Llama-3.1-70B-Instruct,4.305014428576416,32,Llama-3.1-70B-Instruct_vllm_20260225_2,,0,,79.05244607187672,meta-llama/Llama-3.1-70B-Instruct,42.6359444973059,376.5219674818218,8192,openai,1.0,8160,42.65049813114399,42.73099397810167
,1454.1907753276455,353.13260403927416,2.8457745114043944,doks-1.34.1-rocm-7.0.2-vllm-gpu-01234567-mi325,2026-02-24,347.71143852412933,43.226091344881915,32,openai,768.0,728.518274919525,2026-02-25 01:41:42.149000,11.244741939939559,42.65887522216836,http://llama-vllm5.default.svc.cluster.local:80,44.620249684667215,10000.0,32,0.14931525802404017,meta-llama/Llama-3.1-70B-Instruct,2.6194442134406044,32,Llama-3.1-70B-Instruct_vllm_20260225_2,,0,,51.81932748086986,meta-llama/Llama-3.1-70B-Instruct,42.65904298517853,370.2655856218189,8192,openai,1.0,8160,42.63177836866246,42.658874134298564
,1435.584348160366,365.41443748865277,2.8093627165564894,doks-1.34.1-rocm-7.0.2-vllm-gpu-01234567-mi325,2026-02-24,350.57521909402567,44.06423626347062,32,openai,768.0,719.1968554384613,2026-02-25 01:42:14.491000,11.390483618015423,43.22832033356855,http://llama-vllm6.default.svc.cluster.local:80,45.23703312384896,10000.0,32,0.21477717001521432,meta-llama/Llama-3.1-70B-Instruct,3.6279127306118277,32,Llama-3.1-70B-Instruct_vllm_20260225_2,,0,,68.95678111254885,meta-llama/Llama-3.1-70B-Instruct,43.1402200483717,378.4611532778945,8192,openai,1.0,8160,43.172219811765224,43.22831850761705
,1451.5288383079942,374.78894548257813,2.8405652413072295,doks-1.34.1-rocm-7.0.2-vllm-gpu-01234567-mi325,2026-02-24,329.3531932395126,43.55056390568029,32,openai,768.0,727.1847017746508,2026-02-25 01:42:47.321000,11.265363503945991,42.7926315823296,http://llama-vllm7.default.svc.cluster.local:80,44.329992360435426,10000.0,32,0.3396181774199412,meta-llama/Llama-3.1-70B-Instruct,6.002851146204287,32,Llama-3.1-70B-Instruct_vllm_20260225_2,,0,,102.89329278031944,meta-llama/Llama-3.1-70B-Instruct,42.621937522199005,388.0436300719157,8192,openai,1.0,8160,42.630539448959205,42.79263061866468
,1451.75586068518,327.7176870033145,2.841009512104071,doks-1.34.1-rocm-7.0.2-vllm-gpu-01234567-mi325,2026-02-24,322.32009562293945,46.18212800308168,34,openai,748.0,727.2984350986421,2026-02-25 01:43:19.841000,11.967576966970228,45.61261833406934,http://llama-vllm0.default.svc.cluster.local:80,47.63704776065423,10000.0,34,0.14983947915564133,meta-llama/Llama-3.1-70B-Instruct,2.6182866227325916,34,Llama-3.1-70B-Instruct_vllm_20260225_2,,0,,45.459835027075265,meta-llama/Llama-3.1-70B-Instruct,45.59047397924587,338.8558253995143,8704,openai,1.0,8670,45.58650668842865,45.612617018938735
,1454.5808657297814,322.95268500456586,2.8465378977099443,doks-1.34.1-rocm-7.0.2-vllm-gpu-01234567-mi325,2026-02-24,317.9634763338767,46.10211539491281,34,openai,748.0,728.7137018137457,2026-02-25 01:43:52.983000,11.944334212923422,45.53265566231346,http://llama-vllm1.default.svc.cluster.local:80,47.38415308063849,10000.0,34,0.14984230397221113,meta-llama/Llama-3.1-70B-Instruct,2.576450098440904,34,Llama-3.1-70B-Instruct_vllm_20260225_2,,0,,44.92845755459077,meta-llama/Llama-3.1-70B-Instruct,45.469708973541856,335.91612605028786,8704,openai,1.0,8670,45.507164498078915,45.532654568022856
,1461.2087301653355,323.8571575493552,2.85950827821005,doks-1.34.1-rocm-7.0.2-vllm-gpu-01234567-mi325,2026-02-24,319.71001598011594,45.88904684019622,34,openai,782.0,732.0341192217728,2026-02-25 01:44:25.847000,11.89015617093537,45.31337532340769,http://llama-vllm2.default.svc.cluster.local:80,47.18163437559269,10000.0,34,0.15152712712374408,meta-llama/Llama-3.1-70B-Instruct,2.5977357783016743,34,Llama-3.1-70B-Instruct_vllm_20260225_2,,0,,45.065475608464105,meta-llama/Llama-3.1-70B-Instruct,45.24146148469299,337.6914413413033,8704,openai,1.0,8670,45.2866593040252,45.31337428466614
,1449.0087634465506,324.6688900399022,2.8356335879580246,doks-1.34.1-rocm-7.0.2-vllm-gpu-01234567-mi325,2026-02-24,320.7086057929486,46.26599167589573,34,openai,748.0,725.9221985172543,2026-02-25 01:44:58.202000,11.990265647997148,45.6840780973993,http://llama-vllm3.default.svc.cluster.local:80,47.493128017522395,10000.0,34,0.15299174072604302,meta-llama/Llama-3.1-70B-Instruct,2.651653430909766,34,Llama-3.1-70B-Instruct_vllm_20260225_2,,0,,45.475966503259365,meta-llama/Llama-3.1-70B-Instruct,45.64040049444884,344.63074906845577,8704,openai,1.0,8670,45.65776633715038,45.68407618131321
,1455.3221047159586,316.5713935159147,2.8479884632406236,doks-1.34.1-rocm-7.0.2-vllm-gpu-01234567-mi325,2026-02-24,314.20584791339934,46.07323919103353,34,openai,748.0,729.0850465895996,2026-02-25 01:45:30.737000,11.938250606996007,45.50649524034477,http://llama-vllm4.default.svc.cluster.local:80,47.3973499063868,10000.0,34,0.1491676056974695,meta-llama/Llama-3.1-70B-Instruct,2.558784551743332,34,Llama-3.1-70B-Instruct_vllm_20260225_2,,0,,44.614673778813966,meta-llama/Llama-3.1-70B-Instruct,45.47972802538425,337.2064770013094,8704,openai,1.0,8670,45.481447433349764,45.506494223731515
,1451.9737013232134,323.6800549784675,2.8414358147225314,doks-1.34.1-rocm-7.0.2-vllm-gpu-01234567-mi325,2026-02-24,318.88359169790743,46.176772319300866,34,openai,748.0,727.407568568968,2026-02-25 01:46:03.607000,11.965781462960877,45.605619345169146,http://llama-vllm5.default.svc.cluster.local:80,47.59493341087363,10000.0,34,0.15043686236730797,meta-llama/Llama-3.1-70B-Instruct,2.6057561731228267,34,Llama-3.1-70B-Instruct_vllm_20260225_2,,0,,44.826474867922734,meta-llama/Llama-3.1-70B-Instruct,45.55583850014955,337.6789576385636,8704,openai,1.0,8670,45.58061082578063,45.60561835757245
,1436.0961293653058,326.3657594798133,2.8103642453332798,doks-1.34.1-rocm-7.0.2-vllm-gpu-01234567-mi325,2026-02-24,321.02413656642005,46.69202442715109,34,openai,748.0,719.4532468053196,2026-02-25 01:46:36.835000,12.098075918969698,46.12034487938444,http://llama-vllm6.default.svc.cluster.local:80,47.99951938563026,10000.0,34,0.15052218187487212,meta-llama/Llama-3.1-70B-Instruct,2.574725289609719,34,Llama-3.1-70B-Instruct_vllm_20260225_2,,0,,45.01619335432128,meta-llama/Llama-3.1-70B-Instruct,46.100823499727994,339.69002653611824,8704,openai,1.0,8670,46.09419941975205,46.12034363576803
,1456.6688566073806,325.14696998987347,2.8506239855330344,doks-1.34.1-rocm-7.0.2-vllm-gpu-01234567-mi325,2026-02-24,321.2771078516893,46.02788250050599,34,openai,748.0,729.7597402964568,2026-02-25 01:47:10.020000,11.927213190007024,45.456414908074564,http://llama-vllm7.default.svc.cluster.local:80,47.12989298044704,10000.0,34,0.15043067125553528,meta-llama/Llama-3.1-70B-Instruct,2.540219881061707,34,Llama-3.1-70B-Instruct_vllm_20260225_2,,0,,45.15260899471418,meta-llama/Llama-3.1-70B-Instruct,45.42234999826178,339.8957423842512,8704,openai,1.0,8670,45.430539658877485,45.45641390694306
,1535.3302813047633,336.4962339983322,3.0045602373870124,doks-1.34.1-rocm-7.0.2-vllm-gpu-01234567-mi325,2026-02-24,331.8091157028296,46.20976173711539,36,openai,792.0,769.1674207710752,2026-02-25 01:47:43.198000,11.981786736054346,45.623705463094865,http://llama-vllm0.default.svc.cluster.local:80,47.26998332189396,10000.0,36,0.15439717178390666,meta-llama/Llama-3.1-70B-Instruct,2.599779365776755,36,Llama-3.1-70B-Instruct_vllm_20260225_2,,0,,45.85900318420683,meta-llama/Llama-3.1-70B-Instruct,45.57740344898775,349.9159953033086,9216,openai,1.0,9180,45.59731177652401,45.62370433911634
,1536.0128019470455,337.90836395928636,3.0058958942212244,doks-1.34.1-rocm-7.0.2-vllm-gpu-01234567-mi325,2026-02-24,332.47358196725446,46.18213578410374,36,openai,792.0,769.5093489206334,2026-02-25 01:48:16.320000,11.976462680962868,45.59686656497025,http://llama-vllm1.default.svc.cluster.local:80,47.65023725456557,10000.0,36,0.1542564428616897,meta-llama/Llama-3.1-70B-Instruct,2.6613943340408444,36,Llama-3.1-70B-Instruct_vllm_20260225_2,,0,,45.696213439547456,meta-llama/Llama-3.1-70B-Instruct,45.573555456940085,351.48409871035255,9216,openai,1.0,9180,45.571048705902534,45.596865250960846
,1543.4528485618885,336.2018940388225,3.0204556723324627,doks-1.34.1-rocm-7.0.2-vllm-gpu-01234567-mi325,2026-02-24,331.1777110276226,45.95853544566232,36,openai,792.0,773.2366521171105,2026-02-25 01:48:49.893000,11.91873144498095,45.379632676130846,http://llama-vllm2.default.svc.cluster.local:80,47.40213244105689,10000.0,36,0.15264287984996253,meta-llama/Llama-3.1-70B-Instruct,2.6277640525734616,36,Llama-3.1-70B-Instruct_vllm_20260225_2,,0,,45.60559796165044,meta-llama/Llama-3.1-70B-Instruct,45.297519012819976,348.4303301142063,9216,openai,1.0,9180,45.354866429332496,45.37963177666396
,1531.4812531387345,338.82452797843143,2.997027892639402,doks-1.34.1-rocm-7.0.2-vllm-gpu-01234567-mi325,2026-02-24,332.04071116698384,46.342403369900936,36,openai,792.0,767.2391405156869,2026-02-25 01:49:22.448000,12.011900219018571,45.75204009060597,http://llama-vllm3.default.svc.cluster.local:80,47.51189507660456,10000.0,36,0.15566629009900906,meta-llama/Llama-3.1-70B-Instruct,2.6409167931137527,36,Llama-3.1-70B-Instruct_vllm_20260225_2,,0,,46.04652036129079,meta-llama/Llama-3.1-70B-Instruct,45.69235595408827,349.1135460615624,9216,openai,1.0,9180,45.72597423901635,45.75203888692482
,1537.9379871956987,338.48786202725023,3.0096633800307218,doks-1.34.1-rocm-7.0.2-vllm-gpu-01234567-mi325,2026-02-24,332.5289827254083,46.13782561425229,36,openai,792.0,770.4738252878648,2026-02-25 01:49:54.994000,11.961470587993972,45.55228936379676,http://llama-vllm4.default.svc.cluster.local:80,47.2731204458978,10000.0,36,0.15437132949477123,meta-llama/Llama-3.1-70B-Instruct,2.628799883793651,36,Llama-3.1-70B-Instruct_vllm_20260225_2,,0,,46.005831468884,meta-llama/Llama-3.1-70B-Instruct,45.51322403131053,348.4362004441209,9216,openai,1.0,9180,45.52674049205677,45.55228821653517
,1536.5265684257718,341.727617487777,3.0069013080739175,doks-1.34.1-rocm-7.0.2-vllm-gpu-01234567-mi325,2026-02-24,335.403594136652,46.17720743031789,36,openai,792.0,769.7667348669229,2026-02-25 01:50:27.526000,11.972458126023412,45.585300805136434,http://llama-vllm5.default.svc.cluster.local:80,48.016511721070835,10000.0,36,0.15565225235521443,meta-llama/Llama-3.1-70B-Instruct,2.6946805831749057,36,Llama-3.1-70B-Instruct_vllm_20260225_2,,0,,46.418621777537574,meta-llama/Llama-3.1-70B-Instruct,45.53858004510403,352.06152746104635,9216,openai,1.0,9180,45.55954291375683,45.585299501449676
,1518.4521818880182,337.81136601464823,2.9715306886262587,doks-1.34.1-rocm-7.0.2-vllm-gpu-01234567-mi325,2026-02-24,332.9507528396789,46.716950885385415,36,openai,792.0,760.7118562883222,2026-02-25 01:50:59.464000,12.114968267967924,46.13315726089908,http://llama-vllm6.default.svc.cluster.local:80,48.4175447083544,10000.0,36,0.15375655085713488,meta-llama/Llama-3.1-70B-Instruct,2.6610452022995825,36,Llama-3.1-70B-Instruct_vllm_20260225_2,,0,,45.51300135615076,meta-llama/Llama-3.1-70B-Instruct,46.11358651891351,352.5791449821554,9216,openai,1.0,9180,46.108068435169834,46.13315641009077
,1539.159212251448,333.5223599569872,3.012053252938254,doks-1.34.1-rocm-7.0.2-vllm-gpu-01234567-mi325,2026-02-24,329.62509956107374,46.0874874531474,36,openai,792.0,771.0856327521931,2026-02-25 01:51:32.276000,11.95197992096655,45.50507525622506,http://llama-vllm7.default.svc.cluster.local:80,47.37128062872216,10000.0,36,0.1531263599754335,meta-llama/Llama-3.1-70B-Instruct,2.8497851233787057,36,Llama-3.1-70B-Instruct_vllm_20260225_2,,0,,45.307748097171306,meta-llama/Llama-3.1-70B-Instruct,45.44729657936841,350.60217028367333,9216,openai,1.0,9180,45.47938439588738,45.50507433637916
,1620.9374020928499,342.97503205016255,3.1720888494967707,doks-1.34.1-rocm-7.0.2-vllm-gpu-01234567-mi325,2026-02-24,337.8550446543254,46.1817683065721,38,openai,836.0,812.0547454711733,2026-02-25 01:52:04.522000,11.97948790306691,45.59614845617387,http://llama-vllm0.default.svc.cluster.local:80,47.59351054322906,10000.0,38,0.15404510337442523,meta-llama/Llama-3.1-70B-Instruct,2.6853874191124656,38,Llama-3.1-70B-Instruct_vllm_20260225_2,,0,,45.629041590319865,meta-llama/Llama-3.1-70B-Instruct,45.54123501293361,355.65680989064276,9728,openai,1.0,9690,45.571060807845896,45.59614656387825
,1620.28616448736,340.1680435054004,3.1708144119126422,doks-1.34.1-rocm-7.0.2-vllm-gpu-01234567-mi325,2026-02-24,336.22051239332285,46.191209860164314,38,openai,836.0,811.7284894496364,2026-02-25 01:52:36.644000,11.984302788972855,45.61303824746656,http://llama-vllm1.default.svc.cluster.local:80,47.53391731646844,10000.0,38,0.15279434074517184,meta-llama/Llama-3.1-70B-Instruct,2.6424013752366657,38,Llama-3.1-70B-Instruct_vllm_20260225_2,,0,,45.38095447416039,meta-llama/Llama-3.1-70B-Instruct,45.57180544361472,355.4725144710392,9728,openai,1.0,9690,45.58941150202836,45.61303705643811
,1610.0711458878143,276.2252350221388,3.1508241602501257,doks-1.34.1-rocm-7.0.2-vllm-gpu-01234567-mi325,2026-02-24,349.3123377893904,46.464531746268385,38,openai,836.0,806.6109850240322,2026-02-25 01:53:10.527000,12.060336619033478,45.77185555470058,http://llama-vllm2.default.svc.cluster.local:80,47.46078900410794,10000.0,38,0.36674189154924036,meta-llama/Llama-3.1-70B-Instruct,8.1123497811187,38,Llama-3.1-70B-Instruct_vllm_20260225_2,,0,,108.31009275465647,meta-llama/Llama-3.1-70B-Instruct,45.3440104611218,472.1397808752954,9728,openai,1.0,9690,46.03815760997617,45.77185379568788
,1614.6254593413237,340.49101843265817,3.1597367110397725,doks-1.34.1-rocm-7.0.2-vllm-gpu-01234567-mi325,2026-02-24,337.01798547132825,46.36338520836651,38,openai,836.0,808.8925980261818,2026-02-25 01:53:43.281000,12.02631848002784,45.77764553780561,http://llama-vllm3.default.svc.cluster.local:80,47.847901131026454,10000.0,38,0.1547569009587543,meta-llama/Llama-3.1-70B-Instruct,2.6378700360352108,38,Llama-3.1-70B-Instruct_vllm_20260225_2,,0,,45.67996865468966,meta-llama/Llama-3.1-70B-Instruct,45.76654406264424,356.05877582682297,9728,openai,1.0,9690,45.7520617863766,45.77764446981217
,1622.91307721173,340.66503203939646,3.17595514131454,doks-1.34.1-rocm-7.0.2-vllm-gpu-01234567-mi325,2026-02-24,336.18151180225567,46.11595402048061,38,openai,836.0,813.0445161765223,2026-02-25 01:54:16.321000,11.96490451192949,45.538194475720005,http://llama-vllm4.default.svc.cluster.local:80,47.50783496769145,10000.0,38,0.15285034506973805,meta-llama/Llama-3.1-70B-Instruct,2.6411393804505683,38,Llama-3.1-70B-Instruct_vllm_20260225_2,,0,,45.03934626928305,meta-llama/Llama-3.1-70B-Instruct,45.46722851227969,355.38630019524135,9728,openai,1.0,9690,45.51362461346549,45.538193553708254
,1619.8105404379824,343.68058654945344,3.1698836407788304,doks-1.34.1-rocm-7.0.2-vllm-gpu-01234567-mi325,2026-02-24,338.8691583930172,46.20204397054919,38,openai,836.0,811.4902120393806,2026-02-25 01:54:48.849000,11.987821732996963,45.6182812174044,http://llama-vllm5.default.svc.cluster.local:80,47.221592395799235,10000.0,38,0.1541858700864878,meta-llama/Llama-3.1-70B-Instruct,2.5988172003944796,38,Llama-3.1-70B-Instruct_vllm_20260225_2,,0,,45.4925062529368,meta-llama/Llama-3.1-70B-Instruct,45.5713159753941,358.74579600873403,9728,openai,1.0,9690,45.59358521775507,45.61827943149245
,1601.5740777391984,341.1363670020364,3.1341958468477467,doks-1.34.1-rocm-7.0.2-vllm-gpu-01234567-mi325,2026-02-24,337.6040285373548,46.728490315478155,38,openai,836.0,802.3541367930231,2026-02-25 01:55:22.307000,12.124322109040804,46.15103285222663,http://llama-vllm6.default.svc.cluster.local:80,48.20427001337521,10000.0,38,0.15279436226025003,meta-llama/Llama-3.1-70B-Instruct,2.638542325819377,38,Llama-3.1-70B-Instruct_vllm_20260225_2,,0,,45.244951835876655,meta-llama/Llama-3.1-70B-Instruct,46.107461501378566,357.9882944584824,9728,openai,1.0,9690,46.12688476279123,46.1510320658165
,1623.4309221485955,341.0201265360229,3.176968536494316,doks-1.34.1-rocm-7.0.2-vllm-gpu-01234567-mi325,2026-02-24,336.3328262930736,46.10665762894696,38,openai,836.0,813.3039453425449,2026-02-25 01:55:55.753000,11.96108792501036,45.53088269562156,http://llama-vllm7.default.svc.cluster.local:80,47.77242937940173,10000.0,38,0.15210034099773007,meta-llama/Llama-3.1-70B-Instruct,2.6343995403120677,38,Llama-3.1-70B-Instruct_vllm_20260225_2,,0,,45.2267846188488,meta-llama/Llama-3.1-70B-Instruct,45.49531597876921,353.5187077044975,9728,openai,1.0,9690,45.505836819225514,45.53088125428214
,1699.3353123925124,351.6887180157937,3.325509417597871,doks-1.34.1-rocm-7.0.2-vllm-gpu-01234567-mi325,2026-02-24,346.70079438074026,46.33098603540794,40,openai,880.0,851.330410905055,2026-02-25 01:56:28.655000,12.02823236293625,45.744041380330955,http://llama-vllm0.default.svc.cluster.local:80,47.36305056489073,10000.0,40,0.15616448003062583,meta-llama/Llama-3.1-70B-Instruct,2.6547662109671673,40,Llama-3.1-70B-Instruct_vllm_20260225_2,,0,,45.76114445825346,meta-llama/Llama-3.1-70B-Instruct,45.717034954577684,365.0072707235813,10240,openai,1.0,10200,45.718922951103494,45.74404055157942
,1702.3641966884238,348.69842347688973,3.331436784126074,doks-1.34.1-rocm-7.0.2-vllm-gpu-01234567-mi325,2026-02-24,342.48532684287056,46.2613720088768,40,openai,880.0,852.8478167362749,2026-02-25 01:57:02.542000,12.006831464008428,45.68291910119382,http://llama-vllm1.default.svc.cluster.local:80,47.666981872171164,10000.0,40,0.15380360880779298,meta-llama/Llama-3.1-70B-Instruct,2.6133135038057462,40,Llama-3.1-70B-Instruct_vllm_20260225_2,,0,,45.29370756384092,meta-llama/Llama-3.1-70B-Instruct,45.680550567340106,360.9012127632741,10240,openai,1.0,10200,45.658220588138285,45.68291798194039
,1708.1759186688419,345.6104554934427,3.3428100169644654,doks-1.34.1-rocm-7.0.2-vllm-gpu-01234567-mi325,2026-02-24,341.8706800759537,46.09592807570966,40,openai,880.0,855.7593643429032,2026-02-25 01:57:35.769000,11.96598065609578,45.520837762730885,http://llama-vllm2.default.svc.cluster.local:80,47.96221244498156,10000.0,40,0.1530054450821033,meta-llama/Llama-3.1-70B-Instruct,2.6719963424620086,40,Llama-3.1-70B-Instruct_vllm_20260225_2,,0,,45.23105822482368,meta-llama/Llama-3.1-70B-Instruct,45.48801446799189,360.23545720265247,10240,openai,1.0,10200,45.498467003926635,45.52083689518566
,1693.5023199378459,349.24154047621414,3.314094559565256,doks-1.34.1-rocm-7.0.2-vllm-gpu-01234567-mi325,2026-02-24,345.06677509925794,46.49281483731579,40,openai,880.0,848.4082072487055,2026-02-25 01:58:08.597000,12.06966164696496,45.910594889611076,http://llama-vllm3.default.svc.cluster.local:80,47.881435201270506,10000.0,40,0.15471014999939126,meta-llama/Llama-3.1-70B-Instruct,2.634298462435521,40,Llama-3.1-70B-Instruct_vllm_20260225_2,,0,,45.477670160752275,meta-llama/Llama-3.1-70B-Instruct,45.86012096842751,362.3171878652647,10240,openai,1.0,10200,45.885787631485464,45.91059340666249
,1702.105627510831,345.2972004888579,3.330930777907693,doks-1.34.1-rocm-7.0.2-vllm-gpu-01234567-mi325,2026-02-24,340.9800998168066,46.26008547046313,40,openai,880.0,852.7182791443694,2026-02-25 01:58:41.644000,12.008655438083224,45.690922090788284,http://llama-vllm4.default.svc.cluster.local:80,48.00547007936984,10000.0,40,0.1512647962069618,meta-llama/Llama-3.1-70B-Instruct,2.607587067186621,40,Llama-3.1-70B-Instruct_vllm_20260225_2,,0,,44.60294623574255,meta-llama/Llama-3.1-70B-Instruct,45.64953705994412,360.54375812294893,10240,openai,1.0,10200,45.666879846933575,45.690921068285114
,1698.3598011562867,348.9034114172682,3.3236003936522245,doks-1.34.1-rocm-7.0.2-vllm-gpu-01234567-mi325,2026-02-24,344.7256053739693,46.358556335129975,40,openai,880.0,850.8417007749695,2026-02-25 01:59:14.465000,12.03514119097963,45.778159117451686,http://llama-vllm5.default.svc.cluster.local:80,47.78154080500826,10000.0,40,0.15445353467151593,meta-llama/Llama-3.1-70B-Instruct,2.628105420196134,40,Llama-3.1-70B-Instruct_vllm_20260225_2,,0,,45.30358571359293,meta-llama/Llama-3.1-70B-Instruct,45.73836055351421,362.45521745295264,10240,openai,1.0,10200,45.75341121960139,45.77815809559908
,1681.3604503363188,349.10274541471153,3.2903335623019934,doks-1.34.1-rocm-7.0.2-vllm-gpu-01234567-mi325,2026-02-24,345.14449888665695,46.825276050844465,40,openai,880.0,842.3253919493103,2026-02-25 01:59:47.418000,12.156822170945816,46.243696325234886,http://llama-vllm6.default.svc.cluster.local:80,48.71271195821464,10000.0,40,0.15452234700970638,meta-llama/Llama-3.1-70B-Instruct,2.678521569670271,40,Llama-3.1-70B-Instruct_vllm_20260225_2,,0,,45.53219995713276,meta-llama/Llama-3.1-70B-Instruct,46.20585753582418,366.6332546551712,10240,openai,1.0,10200,46.218364331506045,46.243694709550006
,1708.365544551454,349.5055239764042,3.343181104797366,doks-1.34.1-rocm-7.0.2-vllm-gpu-01234567-mi325,2026-02-24,343.72560290503316,46.082342598829236,40,openai,911.0,855.8543628281257,2026-02-25 02:00:20.130000,11.964652451104484,45.504608707703355,http://llama-vllm7.default.svc.cluster.local:80,47.234343505697325,10000.0,40,0.15353343191170182,meta-llama/Llama-3.1-70B-Instruct,2.643924959654996,40,Llama-3.1-70B-Instruct_vllm_20260225_2,,0,,45.23089322932706,meta-llama/Llama-3.1-70B-Instruct,45.46929651405662,361.6144444060046,10240,openai,1.0,10200,45.47966587854842,45.504607383684515
